-- phpMyAdmin SQL Dump
-- version 5.0.1
-- https://www.phpmyadmin.net/
--
-- Host: localhost
-- Generation Time: Oct 18, 2021 at 04:21 AM
-- Server version: 10.4.11-MariaDB
-- PHP Version: 7.2.27

SET SQL_MODE = "NO_AUTO_VALUE_ON_ZERO";
SET AUTOCOMMIT = 0;
START TRANSACTION;
SET time_zone = "+00:00";


/*!40101 SET @OLD_CHARACTER_SET_CLIENT=@@CHARACTER_SET_CLIENT */;
/*!40101 SET @OLD_CHARACTER_SET_RESULTS=@@CHARACTER_SET_RESULTS */;
/*!40101 SET @OLD_COLLATION_CONNECTION=@@COLLATION_CONNECTION */;
/*!40101 SET NAMES utf8mb4 */;

--
-- Database: `fiesto_api`
--

-- --------------------------------------------------------

--
-- Table structure for table `ci_sessions`
--

CREATE TABLE `ci_sessions` (
  `id` varchar(128) NOT NULL,
  `ip_address` varchar(45) NOT NULL,
  `timestamp` int(10) UNSIGNED NOT NULL DEFAULT 0,
  `data` blob NOT NULL
) ENGINE=MyISAM DEFAULT CHARSET=latin1;

--
-- Dumping data for table `ci_sessions`
--

INSERT INTO `ci_sessions` (`id`, `ip_address`, `timestamp`, `data`) VALUES
('612c8c473d3f4a0af48e432b25f0748c93eddaaf', '::1', 1634523582, 0x5f5f63695f6c6173745f726567656e65726174657c693a313633343532333538323b),
('2a45894acc4610808a6a28d6ce36b97560209058', '127.0.0.1', 1634516677, 0x5f5f63695f6c6173745f726567656e65726174657c693a313633343531363637373b),
('d170a4ee7e20ee33c82314d97ce488b938b439e7', '::1', 1634519606, 0x5f5f63695f6c6173745f726567656e65726174657c693a313633343531393630363b),
('192007e1b79435f745da1df5fb55f4b48ee4ac77', '127.0.0.1', 1634522125, 0x5f5f63695f6c6173745f726567656e65726174657c693a313633343532323132353b746f6b656e7c733a3136303a2265794a30655841694f694a4b563151694c434a68624763694f694a49557a49314e694a392e65794a3163325679626d46745a534936496d466b62576c75496977696347467a63336476636d51694f694a685a47317062694973496d6c6b496a6f694d534973496e4a76624755694f694978496e302e48495735514c6d686530786e507a7a634130476d37306f7a3871657072796e74677973423774354636696b223b66696573746f70726f6a6563747c613a353a7b733a353a22746f6b656e223b733a3136303a2265794a30655841694f694a4b563151694c434a68624763694f694a49557a49314e694a392e65794a3163325679626d46745a534936496d466b62576c75496977696347467a63336476636d51694f694a685a47317062694973496d6c6b496a6f694d534973496e4a76624755694f694978496e302e48495735514c6d686530786e507a7a634130476d37306f7a3871657072796e74677973423774354636696b223b733a323a226964223b733a313a2231223b733a383a22757365726e616d65223b733a353a2261646d696e223b733a343a22726f6c65223b733a313a2231223b733a31313a22757365725f737461747573223b733a31333a227374617475735f616374697665223b7d6d6573736167657c4e3b6e6f74696669636174696f6e7c4e3b),
('c6f86cf8667c066b4b2b0009ff6d9331e7b4bee7', '::1', 1634519606, 0x5f5f63695f6c6173745f726567656e65726174657c693a313633343531393630363b),
('aefc180ec7fea31f6edb86bc934c76cee2ddfdfc', '::1', 1634519608, 0x5f5f63695f6c6173745f726567656e65726174657c693a313633343531393630383b),
('d8a72de9c16baf5fef7f2ae59f127e971f22bd95', '::1', 1634519608, 0x5f5f63695f6c6173745f726567656e65726174657c693a313633343531393630383b),
('b8b22ca71b26b61a6da8138fdc4813349f890285', '::1', 1634519610, 0x5f5f63695f6c6173745f726567656e65726174657c693a313633343531393631303b),
('6519b461374d585623e27e68756d5d21e7a514e4', '::1', 1634519610, 0x5f5f63695f6c6173745f726567656e65726174657c693a313633343531393631303b),
('7a4a17e7a8a413ead5924093dc7d7808100d201f', '::1', 1634519611, 0x5f5f63695f6c6173745f726567656e65726174657c693a313633343531393631313b),
('22745710ddb458136a1c641662321ea499414b66', '::1', 1634519611, 0x5f5f63695f6c6173745f726567656e65726174657c693a313633343531393631313b),
('eaa241743907023c5bd193e4d6f3326a0f7d141a', '::1', 1634519625, 0x5f5f63695f6c6173745f726567656e65726174657c693a313633343531393632353b),
('2ccef7016bd3cd424b04f0c46cf2aedd4e02ecc0', '::1', 1634519625, 0x5f5f63695f6c6173745f726567656e65726174657c693a313633343531393632353b),
('21847ce21348ba2f1d73c1c1d1abf695d5084537', '::1', 1634519648, 0x5f5f63695f6c6173745f726567656e65726174657c693a313633343531393634383b),
('be941c40831cb292b06dd1f79137a5bf310627d1', '::1', 1634519648, 0x5f5f63695f6c6173745f726567656e65726174657c693a313633343531393634383b),
('17b8c7be383bb0c55cbda61de1bf0ebce3079062', '::1', 1634520302, 0x5f5f63695f6c6173745f726567656e65726174657c693a313633343532303330323b),
('87c118af4e77eccba117f2fa4b68e5f7fe4e9e74', '::1', 1634520302, 0x5f5f63695f6c6173745f726567656e65726174657c693a313633343532303330323b),
('60f637ab9d285d058f9e7c0fe5b70d11e19987dd', '::1', 1634520303, 0x5f5f63695f6c6173745f726567656e65726174657c693a313633343532303330333b),
('59b206e8de283bd88f429212d5a714efa0864814', '::1', 1634520303, 0x5f5f63695f6c6173745f726567656e65726174657c693a313633343532303330333b),
('750abfe2328bd0de638948bf240fd05d03943338', '::1', 1634520304, 0x5f5f63695f6c6173745f726567656e65726174657c693a313633343532303330343b),
('4f429d1d7f3b6ba0d06d5ff1b8ff66bc7379d569', '::1', 1634520304, 0x5f5f63695f6c6173745f726567656e65726174657c693a313633343532303330343b),
('98a30776ab4adb2fadbc139dc167f9943b325010', '::1', 1634520731, 0x5f5f63695f6c6173745f726567656e65726174657c693a313633343532303733313b),
('8a5275b3359c74a8053ffa22a127d7976cdf8571', '::1', 1634520731, 0x5f5f63695f6c6173745f726567656e65726174657c693a313633343532303733313b),
('b2a5a592b62eae18b5dce00755f950ae5709a3c3', '::1', 1634520740, 0x5f5f63695f6c6173745f726567656e65726174657c693a313633343532303734303b),
('e2f8234355070cdd1841c2eb391ebe5f1be23cc1', '::1', 1634520740, 0x5f5f63695f6c6173745f726567656e65726174657c693a313633343532303734303b),
('7397b8cd8f3a48c76c5af8d9026c883ef9cfd1b9', '::1', 1634520741, 0x5f5f63695f6c6173745f726567656e65726174657c693a313633343532303734313b),
('1bf8962fd25d45284d153fff3893b66ddbd2f61c', '::1', 1634520741, 0x5f5f63695f6c6173745f726567656e65726174657c693a313633343532303734313b),
('fe989562d92dda56862005f63a1e2af2b593cf27', '::1', 1634520747, 0x5f5f63695f6c6173745f726567656e65726174657c693a313633343532303734373b),
('6e709b42d88c403236348b934649618b42486aea', '::1', 1634520747, 0x5f5f63695f6c6173745f726567656e65726174657c693a313633343532303734373b),
('7af104763a0249523de2d78b9e0079df084d3ff8', '127.0.0.1', 1634520767, 0x5f5f63695f6c6173745f726567656e65726174657c693a313633343532303736373b),
('6132393be8c1dd6fb8014dbe7ba6bd94fc047300', '::1', 1634520774, 0x5f5f63695f6c6173745f726567656e65726174657c693a313633343532303737343b),
('22006bb20dfcb517cc570855e85e3e54863458bc', '::1', 1634520774, 0x5f5f63695f6c6173745f726567656e65726174657c693a313633343532303737343b),
('d383a76dd75899220d75a22462be7be2a11dd50b', '::1', 1634520834, 0x5f5f63695f6c6173745f726567656e65726174657c693a313633343532303833343b),
('b1f0a90dc3e92f2b2e7d25f2b5ac0a61daca1d13', '::1', 1634520834, 0x5f5f63695f6c6173745f726567656e65726174657c693a313633343532303833343b),
('d4768326780a955e8fa6f5e7b75c79154300fca6', '::1', 1634520885, 0x5f5f63695f6c6173745f726567656e65726174657c693a313633343532303838353b),
('8588b97178252f69c826e8b8d45456a1bca63947', '::1', 1634520885, 0x5f5f63695f6c6173745f726567656e65726174657c693a313633343532303838353b),
('f31d4b4682aa17f379369d0f93063eb977ada923', '::1', 1634520956, 0x5f5f63695f6c6173745f726567656e65726174657c693a313633343532303935363b),
('b09ce9e84b3bd11b683d92cf140fc3e38b694fdc', '::1', 1634520957, 0x5f5f63695f6c6173745f726567656e65726174657c693a313633343532303935373b),
('13e025e5e0acc39da0131bcbd159369c9b43c5f8', '::1', 1634520962, 0x5f5f63695f6c6173745f726567656e65726174657c693a313633343532303936323b),
('e9b4b795b594fc4bbc2f880b3995ce376c34262b', '::1', 1634520962, 0x5f5f63695f6c6173745f726567656e65726174657c693a313633343532303936323b),
('1f970aeb83a5e46456cdde755b94266f8e393cb5', '::1', 1634520971, 0x5f5f63695f6c6173745f726567656e65726174657c693a313633343532303937313b),
('6a05f6b8fc9e0bf25731c543ee80408a9104b263', '::1', 1634520971, 0x5f5f63695f6c6173745f726567656e65726174657c693a313633343532303937313b),
('79b352b2f829266ec29abb6ae41063f003e57eea', '::1', 1634521005, 0x5f5f63695f6c6173745f726567656e65726174657c693a313633343532313030353b),
('02e1385d21a4cfc01205c1a8ca4b13757f695c5b', '::1', 1634521005, 0x5f5f63695f6c6173745f726567656e65726174657c693a313633343532313030353b),
('4820c3bb5336e54db7274df61550bab02445d155', '::1', 1634521113, 0x5f5f63695f6c6173745f726567656e65726174657c693a313633343532313131333b),
('e3940533473bd2f9e79b21d5199cc08b602d588f', '::1', 1634521113, 0x5f5f63695f6c6173745f726567656e65726174657c693a313633343532313131333b),
('e61e57525fc863ffbe260b713c8071c042f2cd88', '::1', 1634521117, 0x5f5f63695f6c6173745f726567656e65726174657c693a313633343532313131373b),
('eee9efc57648cfc85597f3b1cfea3ac66882beb6', '::1', 1634521117, 0x5f5f63695f6c6173745f726567656e65726174657c693a313633343532313131373b),
('9401137e3cec03eaf385408bd531e9c917909a76', '::1', 1634521124, 0x5f5f63695f6c6173745f726567656e65726174657c693a313633343532313132343b),
('627a55caf72c63b30270116701d4c0c9e2a91ea2', '::1', 1634521124, 0x5f5f63695f6c6173745f726567656e65726174657c693a313633343532313132343b),
('8ef9088bafd945fa1daf57a3c0fee0be71f6f26d', '::1', 1634521126, 0x5f5f63695f6c6173745f726567656e65726174657c693a313633343532313132363b),
('ef04d81e980881708c07a35666f2271e3124ee69', '::1', 1634521126, 0x5f5f63695f6c6173745f726567656e65726174657c693a313633343532313132363b),
('b180dcad4801ab01db3b169f5dce36f166122f1e', '::1', 1634521300, 0x5f5f63695f6c6173745f726567656e65726174657c693a313633343532313330303b),
('4df86b3d5a9851e4f90f31a747a19127ee2674b8', '::1', 1634521300, 0x5f5f63695f6c6173745f726567656e65726174657c693a313633343532313330303b),
('806771ed60e24bfe6b6059541f5ace4fac43ae32', '::1', 1634521354, 0x5f5f63695f6c6173745f726567656e65726174657c693a313633343532313335343b),
('7cc064c2b176353745572e58dc3867c6a3403c8f', '::1', 1634521354, 0x5f5f63695f6c6173745f726567656e65726174657c693a313633343532313335343b),
('d0c256a7ab7d3519e69222ed9b7767b202d0fb59', '::1', 1634521379, 0x5f5f63695f6c6173745f726567656e65726174657c693a313633343532313337393b),
('27a653083c8353d79ffb16821cd93f58036ab4d5', '::1', 1634521379, 0x5f5f63695f6c6173745f726567656e65726174657c693a313633343532313337393b),
('6fcc06b4fd24a066c113c0fa45ad8d1d3c548597', '::1', 1634521409, 0x5f5f63695f6c6173745f726567656e65726174657c693a313633343532313430393b),
('598877665d52c673fa047a26efdad4d9f4059045', '::1', 1634521409, 0x5f5f63695f6c6173745f726567656e65726174657c693a313633343532313430393b),
('edc4924927a30ad015add1fddd4571ef55d2da40', '::1', 1634521406, 0x5f5f63695f6c6173745f726567656e65726174657c693a313633343532313430363b),
('2c7240dc8d35261cbd5a8efa112f8cc4eb3bf59d', '::1', 1634521406, 0x5f5f63695f6c6173745f726567656e65726174657c693a313633343532313430363b),
('cb962eaf12e403c7db86d1c1a7b3097078121d70', '::1', 1634521420, 0x5f5f63695f6c6173745f726567656e65726174657c693a313633343532313432303b),
('c2f00467a88890a80f95c4c52ffc8db29a2be861', '::1', 1634521420, 0x5f5f63695f6c6173745f726567656e65726174657c693a313633343532313432303b),
('8598734d60e8c53e815cf69aed473bfad4c4110a', '::1', 1634521510, 0x5f5f63695f6c6173745f726567656e65726174657c693a313633343532313531303b),
('fc68f14e0f0ddc0092a0431640f6acc558518514', '::1', 1634521510, 0x5f5f63695f6c6173745f726567656e65726174657c693a313633343532313531303b),
('cb96b7ce9512ff91de00b8ff525fbbc6520692e2', '::1', 1634521525, 0x5f5f63695f6c6173745f726567656e65726174657c693a313633343532313532353b),
('2da79d88b399e43c6c4822a62952b09b309ef35c', '::1', 1634521525, 0x5f5f63695f6c6173745f726567656e65726174657c693a313633343532313532353b),
('ee538a2c8a04c3119aad4d2489f3099add67f7ec', '::1', 1634521568, 0x5f5f63695f6c6173745f726567656e65726174657c693a313633343532313536383b),
('20ca126fb9cf78cd969a68426aeaf1ab2313f6b0', '::1', 1634521568, 0x5f5f63695f6c6173745f726567656e65726174657c693a313633343532313536383b),
('9c1af8a0195b5b7de86e2b1c93a611fbbe198150', '::1', 1634521609, 0x5f5f63695f6c6173745f726567656e65726174657c693a313633343532313630393b),
('6575c6714693e51e499d8d6f0d55bb8d290ae63a', '::1', 1634521609, 0x5f5f63695f6c6173745f726567656e65726174657c693a313633343532313630393b),
('d136540b4e709776d9d004dfed9a4b1ff4f65c9b', '::1', 1634521611, 0x5f5f63695f6c6173745f726567656e65726174657c693a313633343532313631313b),
('a824772d6b43860f85cffdfca5beca75ec47d36b', '::1', 1634521611, 0x5f5f63695f6c6173745f726567656e65726174657c693a313633343532313631313b),
('7f9d2ccd90fb9591c1836b12d034d753e4fa7c71', '::1', 1634521613, 0x5f5f63695f6c6173745f726567656e65726174657c693a313633343532313631333b),
('64d944cf3533dc8bca70156553963015d81f8d11', '::1', 1634521613, 0x5f5f63695f6c6173745f726567656e65726174657c693a313633343532313631333b),
('b088468698cc8f1cd2028dd1c367b19c6c365760', '::1', 1634521614, 0x5f5f63695f6c6173745f726567656e65726174657c693a313633343532313631343b),
('72728c8864d4ca27b6a95ad45112db41e0c91bf0', '::1', 1634521614, 0x5f5f63695f6c6173745f726567656e65726174657c693a313633343532313631343b),
('f06aaae970ac5f2afa2f334ca688abcbba3f396e', '::1', 1634521722, 0x5f5f63695f6c6173745f726567656e65726174657c693a313633343532313732323b),
('4ca93c77f1f083dd411dcbcfd1c2227197938ba6', '::1', 1634521722, 0x5f5f63695f6c6173745f726567656e65726174657c693a313633343532313732323b),
('50181ac8bfbc5fb285479cf3e19b8ffe360fda44', '::1', 1634521735, 0x5f5f63695f6c6173745f726567656e65726174657c693a313633343532313733353b),
('8544c5ceae14deeeae6d28b3cbea1676d3cda779', '::1', 1634521735, 0x5f5f63695f6c6173745f726567656e65726174657c693a313633343532313733353b),
('91a3c3b69e70d6861b1d17e8ec66534b69dc3aa0', '::1', 1634521748, 0x5f5f63695f6c6173745f726567656e65726174657c693a313633343532313734383b),
('733ac38561badcb7d3c6078f81a5cd0494d443df', '::1', 1634521748, 0x5f5f63695f6c6173745f726567656e65726174657c693a313633343532313734383b),
('6e250de94cb5700c6dd021d33d08b8d4580cfa1e', '::1', 1634521767, 0x5f5f63695f6c6173745f726567656e65726174657c693a313633343532313736373b),
('8102f2bbeaab4b8a7c57cf4cfcaa6ff0eea68c9a', '::1', 1634521767, 0x5f5f63695f6c6173745f726567656e65726174657c693a313633343532313736373b),
('4bc2119cc15747eac30153c9231879b1b9b93cfb', '::1', 1634521781, 0x5f5f63695f6c6173745f726567656e65726174657c693a313633343532313738313b),
('16816b649d41c7de9e414c1d0e766acbb94dcee4', '::1', 1634521781, 0x5f5f63695f6c6173745f726567656e65726174657c693a313633343532313738313b),
('3d7544eaf61de12fa5dde3fa8d51684100cd4b12', '::1', 1634521793, 0x5f5f63695f6c6173745f726567656e65726174657c693a313633343532313739333b),
('289e7f8d95a441551f5b7629cffdd05294debea0', '::1', 1634521793, 0x5f5f63695f6c6173745f726567656e65726174657c693a313633343532313739333b),
('ddfdda45150be3eba7525314e8cb74a7600c633a', '::1', 1634521824, 0x5f5f63695f6c6173745f726567656e65726174657c693a313633343532313832343b),
('07c54d23a4423bb89b6fcb6266849ddc1907088e', '::1', 1634521825, 0x5f5f63695f6c6173745f726567656e65726174657c693a313633343532313832353b),
('71ac3e8def10f85d2041c697f08d840fe2f83e41', '::1', 1634521857, 0x5f5f63695f6c6173745f726567656e65726174657c693a313633343532313835373b),
('dd3b139b68f2b19211e6de3221c077b6e3ac4295', '::1', 1634521857, 0x5f5f63695f6c6173745f726567656e65726174657c693a313633343532313835373b),
('8219fb97ffc421f83bf4b247dd384fbd729f1717', '::1', 1634521867, 0x5f5f63695f6c6173745f726567656e65726174657c693a313633343532313836373b),
('46c86e127bc8832b0cbab3aef6621cec04e18172', '::1', 1634521867, 0x5f5f63695f6c6173745f726567656e65726174657c693a313633343532313836373b),
('fc82620d06e3dbccf95eb445b41ec7da75495ed0', '::1', 1634521875, 0x5f5f63695f6c6173745f726567656e65726174657c693a313633343532313837353b),
('2ed9e2d8032645c7cde56f54a9b29dae1807cfa0', '::1', 1634521875, 0x5f5f63695f6c6173745f726567656e65726174657c693a313633343532313837353b),
('f830011c2ba07bf3b39b6a77b42bc86f4fc12743', '::1', 1634522038, 0x5f5f63695f6c6173745f726567656e65726174657c693a313633343532323033383b),
('e0017145cd41e653d2f6506303019bbf5d26536c', '::1', 1634522038, 0x5f5f63695f6c6173745f726567656e65726174657c693a313633343532323033383b),
('edea78459261563ecb090819f1dadaf5ecfaa2fd', '::1', 1634522039, 0x5f5f63695f6c6173745f726567656e65726174657c693a313633343532323033393b),
('60b416b06f5a63d7e57dc8376e08f57b0efbb70d', '::1', 1634522039, 0x5f5f63695f6c6173745f726567656e65726174657c693a313633343532323033393b),
('3385cc93f81d12d4c6472b6185e79f78f7ec8768', '127.0.0.1', 1634522848, 0x5f5f63695f6c6173745f726567656e65726174657c693a313633343532323235373b746f6b656e7c733a3136303a2265794a30655841694f694a4b563151694c434a68624763694f694a49557a49314e694a392e65794a3163325679626d46745a534936496d466b62576c75496977696347467a63336476636d51694f694a685a47317062694973496d6c6b496a6f694d534973496e4a76624755694f694978496e302e48495735514c6d686530786e507a7a634130476d37306f7a3871657072796e74677973423774354636696b223b66696573746f70726f6a6563747c613a363a7b733a353a22746f6b656e223b733a3136303a2265794a30655841694f694a4b563151694c434a68624763694f694a49557a49314e694a392e65794a3163325679626d46745a534936496d466b62576c75496977696347467a63336476636d51694f694a685a47317062694973496d6c6b496a6f694d534973496e4a76624755694f694978496e302e48495735514c6d686530786e507a7a634130476d37306f7a3871657072796e74677973423774354636696b223b733a323a226964223b733a313a2231223b733a383a22757365726e616d65223b733a353a2261646d696e223b733a343a22726f6c65223b733a313a2231223b733a31313a22757365725f737461747573223b733a31333a227374617475735f616374697665223b733a383a226c6f636174696f6e223b733a313a2231223b7d),
('f03fc4e4afb65ec3328db0ff73dc3b0de55753aa', '::1', 1634522260, 0x5f5f63695f6c6173745f726567656e65726174657c693a313633343532323236303b),
('19888d09128e17231707e5d3e10c294ed6b96199', '::1', 1634522260, 0x5f5f63695f6c6173745f726567656e65726174657c693a313633343532323236303b),
('67a74b55b4b1ee25da6d4f23752fa27a318b888f', '::1', 1634522264, 0x5f5f63695f6c6173745f726567656e65726174657c693a313633343532323236343b),
('658e4685504db6b74b69747382c7671940619a3e', '::1', 1634522264, 0x5f5f63695f6c6173745f726567656e65726174657c693a313633343532323236343b),
('d825a983898f9f8e2269af5b02d27689e14e5a6c', '::1', 1634522344, 0x5f5f63695f6c6173745f726567656e65726174657c693a313633343532323334343b),
('b679e6d623f4c36331015acccad19ded1b61f93e', '::1', 1634522344, 0x5f5f63695f6c6173745f726567656e65726174657c693a313633343532323334343b),
('c9da637037310a16e68a84b14e6a8fd2634b52b5', '::1', 1634522368, 0x5f5f63695f6c6173745f726567656e65726174657c693a313633343532323336383b),
('a26759229d9d06bd74e9f52182d3bcbfd0233e0b', '::1', 1634522368, 0x5f5f63695f6c6173745f726567656e65726174657c693a313633343532323336383b),
('21d95546cbee67f46772c664b05577baa705cee0', '::1', 1634522353, 0x5f5f63695f6c6173745f726567656e65726174657c693a313633343532323335333b),
('c0e919b1076550edd0435d22f7e26deb812182d2', '::1', 1634522353, 0x5f5f63695f6c6173745f726567656e65726174657c693a313633343532323335333b),
('59be2973eab51b3c5f473b15aa38d44ea0e73528', '::1', 1634522369, 0x5f5f63695f6c6173745f726567656e65726174657c693a313633343532323336393b),
('8e5b1790391e055a73d062a26463a874adbf87f3', '::1', 1634522371, 0x5f5f63695f6c6173745f726567656e65726174657c693a313633343532323337313b),
('7c72928b7015699ff5a105afb1066122e31b5e98', '::1', 1634522371, 0x5f5f63695f6c6173745f726567656e65726174657c693a313633343532323337313b),
('72fc3f2bf35f97ece39c8e54f55d1c224655bc01', '::1', 1634522372, 0x5f5f63695f6c6173745f726567656e65726174657c693a313633343532323337323b),
('690441adf002bee10a563be12df038cec6ada60b', '::1', 1634522372, 0x5f5f63695f6c6173745f726567656e65726174657c693a313633343532323337323b),
('0cbdf38f4d60e46131d94f6dc8d506994bdb7c01', '::1', 1634522378, 0x5f5f63695f6c6173745f726567656e65726174657c693a313633343532323337383b),
('a51b9dabaf46b75a889049059ae5f55e4ad0eb16', '::1', 1634522378, 0x5f5f63695f6c6173745f726567656e65726174657c693a313633343532323337383b),
('7318d58a45a570180f0c241ed3ee3065e1eea71f', '::1', 1634522378, 0x5f5f63695f6c6173745f726567656e65726174657c693a313633343532323337383b),
('5c3ca6d3b4b4a3ac7e703baa367f517e9bc149df', '::1', 1634522378, 0x5f5f63695f6c6173745f726567656e65726174657c693a313633343532323337383b),
('c3124d06b8e0e8ba1170041445efc8bc6ce07822', '::1', 1634522489, 0x5f5f63695f6c6173745f726567656e65726174657c693a313633343532323438393b),
('171fbdf50819966da4f454a2b8e350a9e6b497cc', '::1', 1634522489, 0x5f5f63695f6c6173745f726567656e65726174657c693a313633343532323438393b),
('521f8b0d4e03bdeaa4713dee8a71175245bb49e7', '::1', 1634522506, 0x5f5f63695f6c6173745f726567656e65726174657c693a313633343532323530363b),
('e89074f7436d76810a2c21c944e1a2dd87d5b293', '::1', 1634522506, 0x5f5f63695f6c6173745f726567656e65726174657c693a313633343532323530363b),
('70c22b5e9218c307c3ef8f6447384b31eba0bb72', '::1', 1634522490, 0x5f5f63695f6c6173745f726567656e65726174657c693a313633343532323439303b),
('38054b458ceb88a5e605182c145f7ef39ff7a3fa', '::1', 1634522490, 0x5f5f63695f6c6173745f726567656e65726174657c693a313633343532323439303b),
('7c423b5f46fcde80abcd1f41b713519be3cd7841', '::1', 1634522508, 0x5f5f63695f6c6173745f726567656e65726174657c693a313633343532323530383b),
('afd81473ed2a32432cc5efcb95aa8a0594a1af0d', '::1', 1634522508, 0x5f5f63695f6c6173745f726567656e65726174657c693a313633343532323530383b),
('3ec5ac8291277033fb68d9596e806cc2cdf9d513', '::1', 1634522519, 0x5f5f63695f6c6173745f726567656e65726174657c693a313633343532323531393b),
('36bc5cc3d312dc3cb36a77f941f773db4037d8bb', '::1', 1634522519, 0x5f5f63695f6c6173745f726567656e65726174657c693a313633343532323531393b),
('d292abe9f64028401e9e33e174d57b0b3d8c177c', '::1', 1634522509, 0x5f5f63695f6c6173745f726567656e65726174657c693a313633343532323530393b),
('15fc49fb40841d74d9ec7f9fec93cd9dadc75ed7', '::1', 1634522509, 0x5f5f63695f6c6173745f726567656e65726174657c693a313633343532323530393b),
('e05ed13dae343c04fe0fe9fc04e5b56fe98feb21', '::1', 1634522534, 0x5f5f63695f6c6173745f726567656e65726174657c693a313633343532323533343b),
('dc42072421b0653f47c92f674df22bcc5ee0295f', '::1', 1634522534, 0x5f5f63695f6c6173745f726567656e65726174657c693a313633343532323533343b),
('a8a35333229668299d5fb0dc5fb38b362c83efaa', '::1', 1634522521, 0x5f5f63695f6c6173745f726567656e65726174657c693a313633343532323532313b),
('9cb49ce185c6147f8f1432c09c7548184acd17b8', '::1', 1634522521, 0x5f5f63695f6c6173745f726567656e65726174657c693a313633343532323532313b),
('7a32eee22f0015ff28fbb3208736c7fe6504daf8', '::1', 1634522537, 0x5f5f63695f6c6173745f726567656e65726174657c693a313633343532323533373b),
('0d62c1f0dd7e0ba5704b993e9e7924022e2ba01a', '::1', 1634522537, 0x5f5f63695f6c6173745f726567656e65726174657c693a313633343532323533373b),
('57c6d56c2f3f9b32bc00b13b4901a6528ff1e9c6', '::1', 1634522542, 0x5f5f63695f6c6173745f726567656e65726174657c693a313633343532323534323b),
('815158947ecdb700f2ed46daff9161e7641cb292', '::1', 1634522542, 0x5f5f63695f6c6173745f726567656e65726174657c693a313633343532323534323b),
('1b9ca4cccf117718a542736f0a9730a631b5ee83', '::1', 1634522539, 0x5f5f63695f6c6173745f726567656e65726174657c693a313633343532323533393b),
('145ddd1bacf47946853c55dfd61084f0cd21fccf', '::1', 1634522539, 0x5f5f63695f6c6173745f726567656e65726174657c693a313633343532323533393b),
('c2850ffbbcac726cabe114e2771aff2f8065d43b', '::1', 1634522621, 0x5f5f63695f6c6173745f726567656e65726174657c693a313633343532323632313b),
('e080a7aebbb4b22091b363bf58a51983b9f7ec0d', '::1', 1634522621, 0x5f5f63695f6c6173745f726567656e65726174657c693a313633343532323632313b),
('496587c5139d29a9e84183ce6fb1ec1102db52d7', '::1', 1634522545, 0x5f5f63695f6c6173745f726567656e65726174657c693a313633343532323534353b),
('4921ab88b28c8a3907a7464b49e3b3b21be4bd13', '::1', 1634522545, 0x5f5f63695f6c6173745f726567656e65726174657c693a313633343532323534353b),
('7b02d9fc0e1943b2352cad503a83d51b940ec5db', '::1', 1634522557, 0x5f5f63695f6c6173745f726567656e65726174657c693a313633343532323535373b),
('db7835263a3a25beae064c7e41e211c4f8566ff6', '::1', 1634522557, 0x5f5f63695f6c6173745f726567656e65726174657c693a313633343532323535373b),
('e18beda7d5b7e2f3188259b6b6fd2c4fe169558e', '127.0.0.1', 1634522624, 0x5f5f63695f6c6173745f726567656e65726174657c693a313633343532323632343b),
('19484d8833b374376b451c82fa2fc3fa7ffd4b66', '::1', 1634522627, 0x5f5f63695f6c6173745f726567656e65726174657c693a313633343532323632373b),
('374b5bd21c270159d60578a36ee8f4bd0c17b2c4', '::1', 1634522627, 0x5f5f63695f6c6173745f726567656e65726174657c693a313633343532323632373b),
('a79564ce9f9988f64fea1b41369d04fac5bee35f', '::1', 1634522639, 0x5f5f63695f6c6173745f726567656e65726174657c693a313633343532323633393b),
('629e295da233905e40d8943877e5255e7aa18445', '::1', 1634522639, 0x5f5f63695f6c6173745f726567656e65726174657c693a313633343532323633393b),
('ccc4174472a3e729fe46c5c23a9f07af53a87385', '::1', 1634522635, 0x5f5f63695f6c6173745f726567656e65726174657c693a313633343532323633353b),
('b2406493af2c7334ae1e69802084348d73cc4c07', '::1', 1634522635, 0x5f5f63695f6c6173745f726567656e65726174657c693a313633343532323633353b),
('19342ce28cf796db83d3287d2af456ae6bdbbbe5', '::1', 1634522656, 0x5f5f63695f6c6173745f726567656e65726174657c693a313633343532323635363b),
('fb731b0d2ab831aa144d3854cd028bdaea9206d2', '::1', 1634522656, 0x5f5f63695f6c6173745f726567656e65726174657c693a313633343532323635363b),
('375427c2a3f1f4b902c4b3522c4b1a0430acafbd', '::1', 1634522641, 0x5f5f63695f6c6173745f726567656e65726174657c693a313633343532323634313b),
('1e15f481e7f8a2863bc1bc104e2f33e10ab9e564', '::1', 1634522641, 0x5f5f63695f6c6173745f726567656e65726174657c693a313633343532323634313b),
('1dff918eae838d339ed44ead86cb6859ea80eb67', '::1', 1634522687, 0x5f5f63695f6c6173745f726567656e65726174657c693a313633343532323638373b),
('95be425adf6daf385d4f91ca94794c1a183f529f', '::1', 1634522687, 0x5f5f63695f6c6173745f726567656e65726174657c693a313633343532323638373b),
('b7053f7d2203b9dfbca5142571fee9afc31a2612', '::1', 1634522691, 0x5f5f63695f6c6173745f726567656e65726174657c693a313633343532323639313b),
('2d040c03d7e6fc427c484a0921365fa267da7c5c', '::1', 1634522691, 0x5f5f63695f6c6173745f726567656e65726174657c693a313633343532323639313b),
('7b11af9d1ebc88b3e5030f9da6c62eaaeadff7c6', '127.0.0.1', 1634522702, 0x5f5f63695f6c6173745f726567656e65726174657c693a313633343532323730323b),
('fd4880ec1a3b0e73a9810a0e150555542d0df5ea', '::1', 1634522725, 0x5f5f63695f6c6173745f726567656e65726174657c693a313633343532323732353b),
('0831d7c8415098a3a653e9f5ba49662d816fd5c1', '::1', 1634522725, 0x5f5f63695f6c6173745f726567656e65726174657c693a313633343532323732353b),
('b4b34ae16dba09f4dca17b90546c9e40286e4df9', '::1', 1634522730, 0x5f5f63695f6c6173745f726567656e65726174657c693a313633343532323733303b),
('c745e1c0711a0773827f391d6c2ded8b3863e8f3', '::1', 1634522730, 0x5f5f63695f6c6173745f726567656e65726174657c693a313633343532323733303b),
('40b3ef6523acc1a9b53d662ac64ef6bdd0c17aae', '::1', 1634522758, 0x5f5f63695f6c6173745f726567656e65726174657c693a313633343532323735383b),
('1ea199c8ffe3ea2a7526f4b8f3126ceecbbc5ec5', '::1', 1634522758, 0x5f5f63695f6c6173745f726567656e65726174657c693a313633343532323735383b),
('ddb101c9581de5de75c448b9c178a417895c5268', '::1', 1634522784, 0x5f5f63695f6c6173745f726567656e65726174657c693a313633343532323738343b),
('ea043993320c26bf6ab9b36f5d97efd04efc1a88', '::1', 1634522784, 0x5f5f63695f6c6173745f726567656e65726174657c693a313633343532323738343b),
('971a0990fb49c9e46055f31bc128e6852610ade1', '::1', 1634522837, 0x5f5f63695f6c6173745f726567656e65726174657c693a313633343532323833373b),
('a472078ecf4920120d10b933a4838ba99c860278', '::1', 1634522837, 0x5f5f63695f6c6173745f726567656e65726174657c693a313633343532323833373b),
('1eb2bfe0d0e815c88ce316fa17d262e518adb4ba', '::1', 1634522845, 0x5f5f63695f6c6173745f726567656e65726174657c693a313633343532323834353b),
('b7d1e8b291f45e62c909c04dab1f7ffdc9266848', '::1', 1634522845, 0x5f5f63695f6c6173745f726567656e65726174657c693a313633343532323834353b),
('49cecd78544321876f09b6ebc4d2f1bcf91d037b', '::1', 1634522848, 0x5f5f63695f6c6173745f726567656e65726174657c693a313633343532323834383b),
('35239f64fa4e6264ed71b73fdfeec586ae4458a6', '::1', 1634522848, 0x5f5f63695f6c6173745f726567656e65726174657c693a313633343532323834383b),
('27f3efbbd551843a4ce80ea2e9d379b7e07c7e8b', '127.0.0.1', 1634523664, 0x5f5f63695f6c6173745f726567656e65726174657c693a313633343532323930323b746f6b656e7c733a3136303a2265794a30655841694f694a4b563151694c434a68624763694f694a49557a49314e694a392e65794a3163325679626d46745a534936496d466b62576c75496977696347467a63336476636d51694f694a685a47317062694973496d6c6b496a6f694d534973496e4a76624755694f694978496e302e48495735514c6d686530786e507a7a634130476d37306f7a3871657072796e74677973423774354636696b223b66696573746f70726f6a6563747c613a363a7b733a353a22746f6b656e223b733a3136303a2265794a30655841694f694a4b563151694c434a68624763694f694a49557a49314e694a392e65794a3163325679626d46745a534936496d466b62576c75496977696347467a63336476636d51694f694a685a47317062694973496d6c6b496a6f694d534973496e4a76624755694f694978496e302e48495735514c6d686530786e507a7a634130476d37306f7a3871657072796e74677973423774354636696b223b733a323a226964223b733a313a2231223b733a383a22757365726e616d65223b733a353a2261646d696e223b733a343a22726f6c65223b733a313a2231223b733a31313a22757365725f737461747573223b733a31333a227374617475735f616374697665223b733a383a226c6f636174696f6e223b733a313a2231223b7d),
('a053bd66e253e3db42434ae2912ffdb6ab018a84', '::1', 1634522916, 0x5f5f63695f6c6173745f726567656e65726174657c693a313633343532323931363b),
('64a462ab9a431919fc1bd2315aa16f136111d592', '::1', 1634522916, 0x5f5f63695f6c6173745f726567656e65726174657c693a313633343532323931363b),
('16e65eab1e8b049b1987e40238b03850a386251c', '::1', 1634522918, 0x5f5f63695f6c6173745f726567656e65726174657c693a313633343532323931383b),
('bf488af52f59d59dc9cd8042e690a3ab5a767825', '::1', 1634522918, 0x5f5f63695f6c6173745f726567656e65726174657c693a313633343532323931383b),
('a01e687e16696d34073c97f310dc8a4e1f154445', '127.0.0.1', 1634522927, 0x5f5f63695f6c6173745f726567656e65726174657c693a313633343532323932373b),
('55e11bc139c4c3cfc02837addbf34e05b287f737', '::1', 1634523202, 0x5f5f63695f6c6173745f726567656e65726174657c693a313633343532333230323b),
('97d8f061fa578c542cc7a196bdbf461f9141bf6c', '::1', 1634522923, 0x5f5f63695f6c6173745f726567656e65726174657c693a313633343532323932333b),
('bf3e40ef131f25122b9fe9ab9a599f551d28731c', '::1', 1634522923, 0x5f5f63695f6c6173745f726567656e65726174657c693a313633343532323932333b),
('93489cab7aae8c999d68daca515f50d986dfb49c', '::1', 1634523202, 0x5f5f63695f6c6173745f726567656e65726174657c693a313633343532333230323b),
('ae7f14aeba31b78792b3c392f59cb1b5b7a44d5a', '::1', 1634522958, 0x5f5f63695f6c6173745f726567656e65726174657c693a313633343532323935383b),
('90044181070c94836e63393909946163c80a4de4', '::1', 1634522958, 0x5f5f63695f6c6173745f726567656e65726174657c693a313633343532323935383b),
('2c6d5eb149ed560306c83cd22056ca51b297c8cf', '::1', 1634522997, 0x5f5f63695f6c6173745f726567656e65726174657c693a313633343532323939373b),
('83e1f148a379835028863f4a0cae2faa883f172b', '::1', 1634522997, 0x5f5f63695f6c6173745f726567656e65726174657c693a313633343532323939373b),
('ddfce696cbe5ca04dcdfb5549024cc22baac084b', '::1', 1634523157, 0x5f5f63695f6c6173745f726567656e65726174657c693a313633343532333135373b),
('ad61e4da3bf67ad252f91b8643bc72fb13f16e24', '::1', 1634523157, 0x5f5f63695f6c6173745f726567656e65726174657c693a313633343532333135373b),
('99387536590968fd1f772f6e3559962f67a4db0d', '::1', 1634523211, 0x5f5f63695f6c6173745f726567656e65726174657c693a313633343532333231313b),
('d27f3e486e6d2ad14215e7d4feb7e68c6b8d40a3', '::1', 1634523211, 0x5f5f63695f6c6173745f726567656e65726174657c693a313633343532333231313b),
('b98274455d0e6511644c36c9eab5b7ef1a05cd06', '::1', 1634523252, 0x5f5f63695f6c6173745f726567656e65726174657c693a313633343532333235323b),
('100ba6311670d309966e42b944b231ab5001770c', '::1', 1634523252, 0x5f5f63695f6c6173745f726567656e65726174657c693a313633343532333235323b),
('52e086447163917915e218f4d06ba307a4397904', '::1', 1634523232, 0x5f5f63695f6c6173745f726567656e65726174657c693a313633343532333233323b),
('dc99aa373437ed5bb3de417f9243dd9546854041', '::1', 1634523232, 0x5f5f63695f6c6173745f726567656e65726174657c693a313633343532333233323b),
('5470651c2de489b782061363bed463cda9304080', '::1', 1634523317, 0x5f5f63695f6c6173745f726567656e65726174657c693a313633343532333331373b),
('38db1efc4b27a5670ccb011b42168c9cd27c87ac', '::1', 1634523317, 0x5f5f63695f6c6173745f726567656e65726174657c693a313633343532333331373b),
('1788c0f6857d25e241ba40116ad93c4d0edf5f27', '::1', 1634523274, 0x5f5f63695f6c6173745f726567656e65726174657c693a313633343532333237343b),
('af55c61ebbac38e91da6f5fe5c127899e10b032d', '::1', 1634523274, 0x5f5f63695f6c6173745f726567656e65726174657c693a313633343532333237343b),
('6b9d9b29ead40a824e2d58c3f71e22d3a2b3b150', '::1', 1634523339, 0x5f5f63695f6c6173745f726567656e65726174657c693a313633343532333333393b),
('85129a23c650af36f132282e55c0dbe2e80eba03', '::1', 1634523339, 0x5f5f63695f6c6173745f726567656e65726174657c693a313633343532333333393b),
('d40b59a87a2919a0289f3201dff286277b30d767', '::1', 1634523494, 0x5f5f63695f6c6173745f726567656e65726174657c693a313633343532333439343b),
('d36693de5e38fd18866b02859a388e8caedf786c', '::1', 1634523494, 0x5f5f63695f6c6173745f726567656e65726174657c693a313633343532333439343b),
('ee902f4833e004fe6d4199230fc50d9f15d91d37', '::1', 1634523422, 0x5f5f63695f6c6173745f726567656e65726174657c693a313633343532333432323b),
('d84eea2dbf3dd03b0817187a50364099cbe7f4e3', '::1', 1634523422, 0x5f5f63695f6c6173745f726567656e65726174657c693a313633343532333432323b),
('f562ecfcc8d4afc198a985b35c4df19c16f8359c', '::1', 1634523437, 0x5f5f63695f6c6173745f726567656e65726174657c693a313633343532333433373b),
('a143a8cb0d900944281fdffe4bb3cd7fb4da1fd7', '::1', 1634523437, 0x5f5f63695f6c6173745f726567656e65726174657c693a313633343532333433373b),
('e4dd08f2de0a7748f988dd945dd96f17a5823a09', '::1', 1634523511, 0x5f5f63695f6c6173745f726567656e65726174657c693a313633343532333531313b),
('727e1cdf123808cc58d16eb7c0855a89a3f03e0a', '::1', 1634523511, 0x5f5f63695f6c6173745f726567656e65726174657c693a313633343532333531313b),
('a90635e1899e255f5d382924be1a9a777852cc46', '::1', 1634523532, 0x5f5f63695f6c6173745f726567656e65726174657c693a313633343532333533323b),
('13dddcb037e611445387b9a423a1eb4ecd523f15', '::1', 1634523532, 0x5f5f63695f6c6173745f726567656e65726174657c693a313633343532333533323b),
('041267043885580bc07ef9803f7fb4f8f8830dae', '::1', 1634523559, 0x5f5f63695f6c6173745f726567656e65726174657c693a313633343532333535393b),
('e3a4272f1cc3892965f9dbfd3bdb87f7cb62f193', '::1', 1634523559, 0x5f5f63695f6c6173745f726567656e65726174657c693a313633343532333535393b),
('7f22241fb1e0c4a1fb2638cf1da9fa77ab3a92a3', '::1', 1634523582, 0x5f5f63695f6c6173745f726567656e65726174657c693a313633343532333538323b),
('5d42e5ac8fe1a893a64bebed12dc6bea51f8331c', '::1', 1634523572, 0x5f5f63695f6c6173745f726567656e65726174657c693a313633343532333537323b),
('3bb2e76f8b9601ea5dda775e8929fac6bc7f03f1', '::1', 1634523572, 0x5f5f63695f6c6173745f726567656e65726174657c693a313633343532333537323b),
('160b0c6286ed0a7d5751eeb3826643c293de7fc5', '::1', 1634523592, 0x5f5f63695f6c6173745f726567656e65726174657c693a313633343532333539323b),
('de4be895be7cc1d240f31212e9e84dce4a21820b', '::1', 1634523592, 0x5f5f63695f6c6173745f726567656e65726174657c693a313633343532333539323b),
('035918941889708c0066069578142ff7a5ae7bd1', '::1', 1634523643, 0x5f5f63695f6c6173745f726567656e65726174657c693a313633343532333634333b),
('5d7d5ba5efd38f64566dcbd058842787d8baaf1b', '::1', 1634523643, 0x5f5f63695f6c6173745f726567656e65726174657c693a313633343532333634333b),
('6cedce22aa531556886b7437fa615ab81f7bef76', '::1', 1634523599, 0x5f5f63695f6c6173745f726567656e65726174657c693a313633343532333539393b),
('8dbfe8c1c4e7b63ebd868d2fd84528e0305c6e4c', '::1', 1634523599, 0x5f5f63695f6c6173745f726567656e65726174657c693a313633343532333539393b),
('723dfdd94a7603ed9524f073b66dde2309c71e9c', '::1', 1634523630, 0x5f5f63695f6c6173745f726567656e65726174657c693a313633343532333633303b),
('e81ca082a94d5b1a22cb23c54cf7ce76017d63b5', '::1', 1634523630, 0x5f5f63695f6c6173745f726567656e65726174657c693a313633343532333633303b),
('64f233acb882b2d85392b7a179cb14f8b3866338', '::1', 1634523639, 0x5f5f63695f6c6173745f726567656e65726174657c693a313633343532333633393b),
('a1b179330b1090d4baab1ff684e9500bbfd46d85', '::1', 1634523639, 0x5f5f63695f6c6173745f726567656e65726174657c693a313633343532333633393b),
('c866564b595357fc72a08862836e308e9509ea24', '::1', 1634523648, 0x5f5f63695f6c6173745f726567656e65726174657c693a313633343532333634383b),
('93dd4517ae4fcfccb2964473ab7be4577d2f52e2', '::1', 1634523648, 0x5f5f63695f6c6173745f726567656e65726174657c693a313633343532333634383b),
('316cdfc924f94953656d8caa896eee9451555840', '::1', 1634523646, 0x5f5f63695f6c6173745f726567656e65726174657c693a313633343532333634363b),
('903fe36a8e198ec9ca8f963e4444a79e3eb6d96b', '::1', 1634523646, 0x5f5f63695f6c6173745f726567656e65726174657c693a313633343532333634363b),
('1383d1437eaeff4045dec7d2c721f22f5e99e851', '::1', 1634523655, 0x5f5f63695f6c6173745f726567656e65726174657c693a313633343532333635353b),
('4af03abd63f507880e7756e2b396ec1e0193453a', '::1', 1634523655, 0x5f5f63695f6c6173745f726567656e65726174657c693a313633343532333635353b),
('92bf80c55672f48003d583eea57e3aaedcd0ece9', '::1', 1634523653, 0x5f5f63695f6c6173745f726567656e65726174657c693a313633343532333635333b),
('f4f6a7ac229896c593d14403bf2ed2bbdf515a7e', '::1', 1634523656, 0x5f5f63695f6c6173745f726567656e65726174657c693a313633343532333635363b),
('80f7ec088daa4f1bb9ddec79802e5a1bc5e5c82f', '::1', 1634523657, 0x5f5f63695f6c6173745f726567656e65726174657c693a313633343532333635373b),
('45ab11308b42111c9ea69786aa8f27ca330d2ec8', '::1', 1634523657, 0x5f5f63695f6c6173745f726567656e65726174657c693a313633343532333635373b),
('a10ef9c54f1b0fa2d80b6c02647be340013477e8', '::1', 1634523659, 0x5f5f63695f6c6173745f726567656e65726174657c693a313633343532333635393b),
('3b688a8a50f3a90e67464d7ca7e257db51f07283', '::1', 1634523659, 0x5f5f63695f6c6173745f726567656e65726174657c693a313633343532333635393b),
('eca1c082021697b4a7930824539910f7658fbb8e', '::1', 1634523662, 0x5f5f63695f6c6173745f726567656e65726174657c693a313633343532333636323b),
('6aa98cff4d9c2050ac5a5c01995cb7a37355c772', '::1', 1634523664, 0x5f5f63695f6c6173745f726567656e65726174657c693a313633343532333636343b),
('26787583ded790a4e32e1c9b034671fbe76cb320', '::1', 1634523661, 0x5f5f63695f6c6173745f726567656e65726174657c693a313633343532333636313b),
('38963bdbb6d28b4d57492ff652344bcc6c24f149', '::1', 1634523661, 0x5f5f63695f6c6173745f726567656e65726174657c693a313633343532333636313b),
('b66510e329bdf9a1f946765f3733947171fa9366', '::1', 1634523664, 0x5f5f63695f6c6173745f726567656e65726174657c693a313633343532333636343b);

-- --------------------------------------------------------

--
-- Table structure for table `logs`
--

CREATE TABLE `logs` (
  `id` int(20) NOT NULL,
  `time` datetime NOT NULL,
  `username` varchar(20) NOT NULL,
  `activity` text NOT NULL,
  `system_log_id` int(20) NOT NULL
) ENGINE=InnoDB DEFAULT CHARSET=latin1;

--
-- Dumping data for table `logs`
--

INSERT INTO `logs` (`id`, `time`, `username`, `activity`, `system_log_id`) VALUES
(8, '2021-10-18 08:59:07', 'system', 'User \'admin\' edit  \'DEPARTEMEN A1\' @ 2021-10-18 08:59:07', 21),
(9, '2021-10-18 08:59:09', 'system', 'User \'admin\' edit  \'DEPARTEMEN A1\' @ 2021-10-18 08:59:09', 22),
(10, '2021-10-18 08:59:36', 'system', 'User \'admin\' edit  \'DEPARTEMEN A\' @ 2021-10-18 08:59:36', 23),
(11, '2021-10-18 09:01:30', 'system', 'User \'admin\' edit  \'DEPARTEMEN A\' @ 2021-10-18 09:01:30', 24),
(12, '2021-10-18 09:01:49', 'system', 'User \'admin\' edit  \'DEPARTEMEN A\' @ 2021-10-18 09:01:49', 25),
(13, '2021-10-18 09:02:01', 'system', 'User \'admin\' edit  \'DEPARTEMEN A1\' @ 2021-10-18 09:02:01', 26),
(14, '2021-10-18 09:02:19', 'system', 'User \'admin\' edit  \'DEPARTEMEN A1\' @ 2021-10-18 09:02:19', 27),
(15, '2021-10-18 09:02:24', 'system', 'User \'admin\' edit  \'DEPARTEMEN A\' @ 2021-10-18 09:02:24', 28),
(16, '2021-10-18 09:02:36', 'system', 'User \'admin\' delete  \'\' @ 2021-10-18 09:02:36', 29),
(17, '2021-10-18 09:03:53', 'system', 'User \'admin\' add  \'Departemen B\' @ 2021-10-18 09:03:53', 30),
(18, '2021-10-18 09:04:01', 'system', 'User \'admin\' edit  \'Departemen B\' @ 2021-10-18 09:04:01', 31),
(19, '2021-10-18 09:08:43', 'system', 'User \'admin\' edit  \'Departemen A\' @ 2021-10-18 09:08:43', 32),
(20, '2021-10-18 09:08:52', 'system', 'User \'admin\' delete  \'\' @ 2021-10-18 09:08:52', 33),
(21, '2021-10-18 09:09:22', 'system', 'User \'admin\' delete  \'\' @ 2021-10-18 09:09:22', 34),
(22, '2021-10-18 09:10:04', 'system', 'User \'admin\' delete  \'\' @ 2021-10-18 09:10:04', 35),
(23, '2021-10-18 09:13:47', 'system', 'User \'admin\' delete  \'\' @ 2021-10-18 09:13:47', 36),
(24, '2021-10-18 09:19:55', 'system', 'User \'admin\' delete  \'Departemen B\' @ 2021-10-18 09:19:55', 37),
(25, '2021-10-18 09:20:08', 'system', 'User \'admin\' delete  \'Departemen B\' @ 2021-10-18 09:20:08', 38),
(26, '2021-10-18 09:20:50', 'system', 'User \'admin\' delete  \'Departemen B\' @ 2021-10-18 09:20:50', 39),
(27, '2021-10-18 09:21:01', 'system', 'User \'admin\' edit  \'Departemen A\' @ 2021-10-18 09:21:01', 40);

-- --------------------------------------------------------

--
-- Table structure for table `m_departments`
--

CREATE TABLE `m_departments` (
  `id` int(11) NOT NULL,
  `name` varchar(50) NOT NULL DEFAULT '',
  `location` int(11) NOT NULL DEFAULT 1,
  `deleted` tinyint(1) NOT NULL DEFAULT 0,
  `deleted_by` varchar(20) NOT NULL DEFAULT 'system',
  `deleted_date` datetime NOT NULL DEFAULT '0000-00-00 00:00:00',
  `created_by` varchar(20) NOT NULL DEFAULT 'system',
  `created_date` datetime NOT NULL DEFAULT '0000-00-00 00:00:00',
  `modified_by` varchar(20) NOT NULL DEFAULT 'system',
  `modified_date` datetime NOT NULL DEFAULT '0000-00-00 00:00:00'
) ENGINE=InnoDB DEFAULT CHARSET=utf8;

--
-- Dumping data for table `m_departments`
--

INSERT INTO `m_departments` (`id`, `name`, `location`, `deleted`, `deleted_by`, `deleted_date`, `created_by`, `created_date`, `modified_by`, `modified_date`) VALUES
(1, 'Departemen A', 1, 0, 'system', '0000-00-00 00:00:00', 'system', '2021-10-18 08:32:17', 'admin', '2021-10-18 09:21:01'),
(2, 'Departemen B', 1, 1, 'admin', '2021-10-18 09:20:50', 'admin', '2021-10-18 09:03:53', 'admin', '2021-10-18 09:04:01');

-- --------------------------------------------------------

--
-- Table structure for table `m_units`
--

CREATE TABLE `m_units` (
  `id` int(11) NOT NULL,
  `name` varchar(50) NOT NULL DEFAULT '',
  `conversion` int(11) NOT NULL DEFAULT 1,
  `metric` varchar(10) NOT NULL DEFAULT 'pcs',
  `location` int(11) NOT NULL DEFAULT 1,
  `deleted` tinyint(1) NOT NULL DEFAULT 0,
  `deleted_by` varchar(20) NOT NULL DEFAULT 'system',
  `deleted_date` datetime NOT NULL DEFAULT '0000-00-00 00:00:00',
  `created_by` varchar(20) NOT NULL DEFAULT 'system',
  `created_date` datetime NOT NULL DEFAULT '0000-00-00 00:00:00',
  `modified_by` varchar(20) NOT NULL DEFAULT 'system',
  `modified_date` datetime NOT NULL DEFAULT '0000-00-00 00:00:00'
) ENGINE=InnoDB DEFAULT CHARSET=utf8;

--
-- Dumping data for table `m_units`
--

INSERT INTO `m_units` (`id`, `name`, `conversion`, `metric`, `location`, `deleted`, `deleted_by`, `deleted_date`, `created_by`, `created_date`, `modified_by`, `modified_date`) VALUES
(1, 'KG', 1, 'KG', 1, 0, 'system', '0000-00-00 00:00:00', 'system', '0000-00-00 00:00:00', 'system', '0000-00-00 00:00:00'),
(2, 'DOZEN', 12, 'KG', 1, 0, 'system', '0000-00-00 00:00:00', 'system', '0000-00-00 00:00:00', 'system', '0000-00-00 00:00:00'),
(3, 'HALF-DOZEN', 6, 'KG', 1, 0, 'system', '0000-00-00 00:00:00', 'system', '0000-00-00 00:00:00', 'system', '0000-00-00 00:00:00');

-- --------------------------------------------------------

--
-- Table structure for table `system_logs`
--

CREATE TABLE `system_logs` (
  `id` int(20) NOT NULL,
  `time` datetime NOT NULL,
  `username` varchar(20) NOT NULL,
  `activity` text NOT NULL
) ENGINE=InnoDB DEFAULT CHARSET=latin1;

--
-- Dumping data for table `system_logs`
--

INSERT INTO `system_logs` (`id`, `time`, `username`, `activity`) VALUES
(1, '2021-02-01 07:07:38', 'system', 'UPDATE `s_users` SET `password` = \'68cac1844877f9740b5d04b795e90db4\', `modified_by` = \'system\', `modified_date` = \'2021-02-01 07:07:38\'\nWHERE `id` = \'2\''),
(2, '2021-02-01 07:07:57', 'system', 'UPDATE `s_users` SET `password` = \'21232f297a57a5a743894a0e4a801fc3\', `modified_by` = \'system\', `modified_date` = \'2021-02-01 07:07:57\'\nWHERE `id` = \'2\''),
(3, '2021-02-01 07:08:01', 'system', 'UPDATE `s_users` SET `password` = \'68cac1844877f9740b5d04b795e90db4\', `modified_by` = \'system\', `modified_date` = \'2021-02-01 07:08:01\'\nWHERE `id` = \'2\''),
(4, '2021-02-01 20:09:47', 'system', 'INSERT INTO `m_units` (`name`, `conversion`, `metric`, `created_by`, `created_date`, `modified_by`, `modified_date`) VALUES (\'HUNDRED\', \'1\', \'KG\', \'system\', \'2021-02-01 20:09:47\', \'system\', \'2021-02-01 20:09:47\')'),
(5, '2021-02-01 20:10:37', 'system', 'INSERT INTO `m_units` (`name`, `conversion`, `metric`, `created_by`, `created_date`, `modified_by`, `modified_date`) VALUES (\'HUNDRED\', \'100\', \'KG\', \'system\', \'2021-02-01 20:10:37\', \'system\', \'2021-02-01 20:10:37\')'),
(6, '2021-02-01 21:40:43', 'system', 'INSERT INTO `m_units` (`name`, `conversion`, `metric`, `created_by`, `created_date`, `modified_by`, `modified_date`) VALUES (\'HUNDRED\', \'1\', \'KG\', \'system\', \'2021-02-01 21:40:43\', \'system\', \'2021-02-01 21:40:43\')'),
(7, '2021-02-01 21:44:02', 'system', 'UPDATE `m_units` SET `name` = \'HUNDRED\', `conversion` = \'100\', `metric` = \'KG\', `modified_by` = \'system\', `modified_date` = \'2021-02-01 21:44:02\'\nWHERE `id` = \'4\''),
(8, '2021-02-01 21:45:05', 'system', 'UPDATE `m_units` SET `name` = \'HUNDRED\', `conversion` = \'100\', `metric` = \'KG\', `modified_by` = \'system\', `modified_date` = \'2021-02-01 21:45:05\'\nWHERE `id` = \'4\''),
(9, '2021-02-01 21:45:33', 'system', 'UPDATE `m_units` SET `name` = \'HUNDRED\', `conversion` = \'100\', `metric` = \'KG\', `modified_by` = \'system\', `modified_date` = \'2021-02-01 21:45:33\'\nWHERE `id` = \'4\''),
(10, '2021-02-01 21:45:39', 'system', 'UPDATE `m_units` SET `deleted` = 1, `deleted_by` = NULL, `deleted_date` = \'2021-02-01 21:45:39\'\nWHERE `id` = \'4\''),
(11, '2021-02-01 21:49:38', 'system', 'UPDATE `m_units` SET `deleted` = 1, `deleted_by` = NULL, `deleted_date` = \'2021-02-01 21:49:38\'\nWHERE `id` = \'4\''),
(12, '2021-02-01 21:50:38', 'system', 'INSERT INTO `m_units` (`name`, `conversion`, `metric`, `created_by`, `created_date`, `modified_by`, `modified_date`) VALUES (\'HUNDRED\', \'1\', \'KG\', \'manager\', \'2021-02-01 21:50:38\', \'manager\', \'2021-02-01 21:50:38\')'),
(13, '2021-02-01 21:51:22', 'system', 'UPDATE `m_units` SET `name` = \'HUNDRED\', `conversion` = \'100\', `metric` = \'KG\', `modified_by` = \'developer\', `modified_date` = \'2021-02-01 21:51:22\'\nWHERE `id` = \'4\''),
(14, '2021-02-01 21:51:33', 'system', 'UPDATE `m_units` SET `name` = \'HUNDRED\', `conversion` = \'100\', `metric` = \'KG\', `modified_by` = \'manager\', `modified_date` = \'2021-02-01 21:51:33\'\nWHERE `id` = \'4\''),
(15, '2021-02-01 21:51:49', 'system', 'UPDATE `m_units` SET `deleted` = 1, `deleted_by` = \'manager\', `deleted_date` = \'2021-02-01 21:51:49\'\nWHERE `id` = \'4\''),
(16, '2021-02-01 21:54:29', 'system', 'INSERT INTO `m_units` (`name`, `conversion`, `metric`, `created_by`, `created_date`, `modified_by`, `modified_date`) VALUES (\'HUNDRED\', \'1\', \'KG\', \'manager\', \'2021-02-01 21:54:29\', \'manager\', \'2021-02-01 21:54:29\')'),
(17, '2021-02-01 21:54:41', 'system', 'UPDATE `m_units` SET `name` = \'HUNDRED\', `conversion` = \'100\', `metric` = \'KG\', `modified_by` = \'manager\', `modified_date` = \'2021-02-01 21:54:41\'\nWHERE `id` = \'4\''),
(18, '2021-02-01 21:54:51', 'system', 'UPDATE `m_units` SET `deleted` = 1, `deleted_by` = \'manager\', `deleted_date` = \'2021-02-01 21:54:51\'\nWHERE `id` = \'4\''),
(19, '2021-10-18 08:32:17', 'system', 'INSERT INTO `m_departments` (`name`, `created_by`, `created_date`, `modified_by`, `modified_date`) VALUES (\'DEPARTEMEN A\', \'system\', \'2021-10-18 08:32:17\', \'system\', \'2021-10-18 08:32:17\')'),
(20, '2021-10-18 08:57:47', 'system', 'UPDATE `m_departments` SET `name` = \'DEPARTEMEN A1\', `modified_by` = \'admin\', `modified_date` = \'2021-10-18 08:57:47\'\nWHERE `id` = \'1\''),
(21, '2021-10-18 08:59:07', 'system', 'UPDATE `m_departments` SET `name` = \'DEPARTEMEN A1\', `modified_by` = \'admin\', `modified_date` = \'2021-10-18 08:59:07\'\nWHERE `id` = \'1\''),
(22, '2021-10-18 08:59:09', 'system', 'UPDATE `m_departments` SET `name` = \'DEPARTEMEN A1\', `modified_by` = \'admin\', `modified_date` = \'2021-10-18 08:59:09\'\nWHERE `id` = \'1\''),
(23, '2021-10-18 08:59:36', 'system', 'UPDATE `m_departments` SET `name` = \'DEPARTEMEN A\', `modified_by` = \'admin\', `modified_date` = \'2021-10-18 08:59:36\'\nWHERE `id` = \'1\''),
(24, '2021-10-18 09:01:30', 'system', 'UPDATE `m_departments` SET `name` = \'DEPARTEMEN A\', `modified_by` = \'admin\', `modified_date` = \'2021-10-18 09:01:30\'\nWHERE `id` = \'1\''),
(25, '2021-10-18 09:01:49', 'system', 'UPDATE `m_departments` SET `name` = \'DEPARTEMEN A\', `modified_by` = \'admin\', `modified_date` = \'2021-10-18 09:01:49\'\nWHERE `id` = \'1\''),
(26, '2021-10-18 09:02:01', 'system', 'UPDATE `m_departments` SET `name` = \'DEPARTEMEN A1\', `modified_by` = \'admin\', `modified_date` = \'2021-10-18 09:02:01\'\nWHERE `id` = \'1\''),
(27, '2021-10-18 09:02:19', 'system', 'UPDATE `m_departments` SET `name` = \'DEPARTEMEN A1\', `modified_by` = \'admin\', `modified_date` = \'2021-10-18 09:02:19\'\nWHERE `id` = \'1\''),
(28, '2021-10-18 09:02:24', 'system', 'UPDATE `m_departments` SET `name` = \'DEPARTEMEN A\', `modified_by` = \'admin\', `modified_date` = \'2021-10-18 09:02:24\'\nWHERE `id` = \'1\''),
(29, '2021-10-18 09:02:36', 'system', 'UPDATE `m_departments` SET `deleted` = 1, `deleted_by` = \'admin\', `deleted_date` = \'2021-10-18 09:02:36\'\nWHERE `id` IS NULL'),
(30, '2021-10-18 09:03:53', 'system', 'INSERT INTO `m_departments` (`name`, `created_by`, `created_date`, `modified_by`, `modified_date`) VALUES (\'Departemen B\', \'admin\', \'2021-10-18 09:03:53\', \'admin\', \'2021-10-18 09:03:53\')'),
(31, '2021-10-18 09:04:01', 'system', 'UPDATE `m_departments` SET `name` = \'Departemen B\', `modified_by` = \'admin\', `modified_date` = \'2021-10-18 09:04:01\'\nWHERE `id` = \'2\''),
(32, '2021-10-18 09:08:43', 'system', 'UPDATE `m_departments` SET `name` = \'Departemen A\', `modified_by` = \'admin\', `modified_date` = \'2021-10-18 09:08:43\'\nWHERE `id` = \'1\''),
(33, '2021-10-18 09:08:52', 'system', 'UPDATE `m_departments` SET `deleted` = 1, `deleted_by` = \'admin\', `deleted_date` = \'2021-10-18 09:08:52\'\nWHERE `id` IS NULL'),
(34, '2021-10-18 09:09:22', 'system', 'UPDATE `m_departments` SET `deleted` = 1, `deleted_by` = \'admin\', `deleted_date` = \'2021-10-18 09:09:22\'\nWHERE `id` IS NULL'),
(35, '2021-10-18 09:10:04', 'system', 'UPDATE `m_departments` SET `deleted` = 1, `deleted_by` = \'admin\', `deleted_date` = \'2021-10-18 09:10:04\'\nWHERE `id` IS NULL'),
(36, '2021-10-18 09:13:47', 'system', 'UPDATE `m_departments` SET `deleted` = 1, `deleted_by` = \'admin\', `deleted_date` = \'2021-10-18 09:13:47\'\nWHERE `id` = \'2\''),
(37, '2021-10-18 09:19:55', 'system', 'UPDATE `m_departments` SET `deleted` = 1, `deleted_by` = \'admin\', `deleted_date` = \'2021-10-18 09:19:55\'\nWHERE `id` IS NULL'),
(38, '2021-10-18 09:20:08', 'system', 'UPDATE `m_departments` SET `deleted` = 1, `deleted_by` = \'admin\', `deleted_date` = \'2021-10-18 09:20:08\'\nWHERE `id` IS NULL'),
(39, '2021-10-18 09:20:50', 'system', 'UPDATE `m_departments` SET `deleted` = 1, `deleted_by` = \'admin\', `deleted_date` = \'2021-10-18 09:20:50\'\nWHERE `id` = \'2\''),
(40, '2021-10-18 09:21:01', 'system', 'UPDATE `m_departments` SET `name` = \'Departemen A\', `modified_by` = \'admin\', `modified_date` = \'2021-10-18 09:21:01\'\nWHERE `id` = \'1\'');

-- --------------------------------------------------------

--
-- Table structure for table `s_locations`
--

CREATE TABLE `s_locations` (
  `id` int(11) NOT NULL,
  `location_group` tinyint(2) NOT NULL,
  `code` varchar(20) NOT NULL,
  `name` varchar(100) NOT NULL,
  `address` varchar(255) NOT NULL,
  `phone` varchar(255) NOT NULL,
  `notes` text NOT NULL,
  `deleted` tinyint(1) NOT NULL DEFAULT 0,
  `deleted_by` varchar(50) NOT NULL,
  `deleted_date` datetime NOT NULL,
  `created_by` varchar(20) NOT NULL,
  `created_date` datetime NOT NULL,
  `modified_by` varchar(20) NOT NULL,
  `modified_date` datetime NOT NULL
) ENGINE=InnoDB DEFAULT CHARSET=utf8;

--
-- Dumping data for table `s_locations`
--

INSERT INTO `s_locations` (`id`, `location_group`, `code`, `name`, `address`, `phone`, `notes`, `deleted`, `deleted_by`, `deleted_date`, `created_by`, `created_date`, `modified_by`, `modified_date`) VALUES
(0, 0, 'LOC0000000000', 'Location Global', 'Address, Address', 'Phone, Phone', 'no notes', 0, '', '0000-00-00 00:00:00', 'admin', '2017-01-01 00:00:00', 'admin', '2017-01-01 00:00:00'),
(1, 0, 'LOC0000000001', 'Location 1', 'Address 1a, Address 1b', 'Phone 1a, Phone 1b', 'no notes', 0, '', '0000-00-00 00:00:00', 'admin', '2017-01-01 00:00:00', 'admin', '2017-01-01 00:00:00');

-- --------------------------------------------------------

--
-- Table structure for table `s_permissions`
--

CREATE TABLE `s_permissions` (
  `id` int(11) NOT NULL,
  `banned_page_name` varchar(50) NOT NULL,
  `superadmin` tinyint(1) NOT NULL DEFAULT 0,
  `bagonk` tinyint(1) NOT NULL DEFAULT 0,
  `dataentry` tinyint(1) NOT NULL DEFAULT 1
) ENGINE=InnoDB DEFAULT CHARSET=latin1;

--
-- Dumping data for table `s_permissions`
--

INSERT INTO `s_permissions` (`id`, `banned_page_name`, `superadmin`, `bagonk`, `dataentry`) VALUES
(1, 'manage_backup_restore', 0, 1, 1),
(2, 'manage_log', 0, 1, 1);

-- --------------------------------------------------------

--
-- Table structure for table `s_roles`
--

CREATE TABLE `s_roles` (
  `id` int(11) NOT NULL,
  `name` varchar(50) NOT NULL,
  `identifier` varchar(20) NOT NULL,
  `deleted` tinyint(1) NOT NULL DEFAULT 0,
  `deleted_by` varchar(20) NOT NULL,
  `deleted_date` datetime NOT NULL,
  `created_by` varchar(20) NOT NULL,
  `created_date` datetime NOT NULL,
  `modified_by` varchar(20) NOT NULL,
  `modified_date` datetime NOT NULL
) ENGINE=InnoDB DEFAULT CHARSET=utf8;

--
-- Dumping data for table `s_roles`
--

INSERT INTO `s_roles` (`id`, `name`, `identifier`, `deleted`, `deleted_by`, `deleted_date`, `created_by`, `created_date`, `modified_by`, `modified_date`) VALUES
(1, 'Super Administrator', 'superadmin', 0, '', '0000-00-00 00:00:00', 'system', '2014-01-01 00:00:00', 'system', '2014-01-01 00:00:00'),
(2, 'Manager', 'manager', 0, '', '0000-00-00 00:00:00', 'system', '2014-01-01 00:00:00', 'admin', '2014-01-01 00:00:00'),
(3, 'Data Entry', 'dataentry', 0, '', '0000-00-00 00:00:00', 'system', '2014-01-01 00:00:00', 'admin', '2014-01-01 00:00:00');

-- --------------------------------------------------------

--
-- Table structure for table `s_settings`
--

CREATE TABLE `s_settings` (
  `id` int(11) NOT NULL,
  `name` varchar(50) NOT NULL,
  `value` text NOT NULL
) ENGINE=InnoDB DEFAULT CHARSET=latin1;

--
-- Dumping data for table `s_settings`
--

INSERT INTO `s_settings` (`id`, `name`, `value`) VALUES
(1, 'maintenance_mode', '0');

-- --------------------------------------------------------

--
-- Table structure for table `s_users`
--

CREATE TABLE `s_users` (
  `id` int(11) NOT NULL,
  `location` int(11) NOT NULL DEFAULT 1,
  `username` varchar(50) NOT NULL,
  `password` varchar(100) NOT NULL,
  `role` int(11) NOT NULL DEFAULT 0,
  `name` varchar(50) NOT NULL DEFAULT '',
  `address` varchar(255) NOT NULL DEFAULT '',
  `phone` varchar(100) NOT NULL DEFAULT '',
  `last_login_date` datetime NOT NULL DEFAULT '0000-00-00 00:00:00',
  `status` varchar(20) NOT NULL DEFAULT 'status_pending' COMMENT 'status_pending, status_active, status_inactive',
  `deleted` tinyint(1) NOT NULL DEFAULT 0,
  `deleted_by` varchar(20) NOT NULL DEFAULT 'system',
  `deleted_date` datetime NOT NULL DEFAULT '0000-00-00 00:00:00',
  `created_by` varchar(20) NOT NULL DEFAULT 'system',
  `created_date` datetime NOT NULL DEFAULT '0000-00-00 00:00:00',
  `modified_by` varchar(20) NOT NULL DEFAULT 'system',
  `modified_date` datetime NOT NULL DEFAULT '0000-00-00 00:00:00'
) ENGINE=InnoDB DEFAULT CHARSET=utf8;

--
-- Dumping data for table `s_users`
--

INSERT INTO `s_users` (`id`, `location`, `username`, `password`, `role`, `name`, `address`, `phone`, `last_login_date`, `status`, `deleted`, `deleted_by`, `deleted_date`, `created_by`, `created_date`, `modified_by`, `modified_date`) VALUES
(1, 1, 'admin', '21232f297a57a5a743894a0e4a801fc3', 1, '', '', '', '2020-10-13 19:42:46', 'status_active', 0, '', '0000-00-00 00:00:00', 'system', '2017-01-01 00:00:00', 'admin', '2020-10-13 19:42:46'),
(2, 1, 'manager', '21232f297a57a5a743894a0e4a801fc3', 2, '', '', '', '2021-01-28 02:49:40', 'status_active', 0, '', '0000-00-00 00:00:00', 'system', '2017-01-01 00:00:00', 'system', '2021-02-01 07:08:01');

--
-- Indexes for dumped tables
--

--
-- Indexes for table `ci_sessions`
--
ALTER TABLE `ci_sessions`
  ADD KEY `ci_sessions_timestamp` (`timestamp`);

--
-- Indexes for table `logs`
--
ALTER TABLE `logs`
  ADD PRIMARY KEY (`id`);

--
-- Indexes for table `m_departments`
--
ALTER TABLE `m_departments`
  ADD PRIMARY KEY (`id`);

--
-- Indexes for table `m_units`
--
ALTER TABLE `m_units`
  ADD PRIMARY KEY (`id`);

--
-- Indexes for table `system_logs`
--
ALTER TABLE `system_logs`
  ADD PRIMARY KEY (`id`);

--
-- Indexes for table `s_locations`
--
ALTER TABLE `s_locations`
  ADD PRIMARY KEY (`id`);

--
-- Indexes for table `s_permissions`
--
ALTER TABLE `s_permissions`
  ADD PRIMARY KEY (`id`);

--
-- Indexes for table `s_roles`
--
ALTER TABLE `s_roles`
  ADD PRIMARY KEY (`id`);

--
-- Indexes for table `s_settings`
--
ALTER TABLE `s_settings`
  ADD PRIMARY KEY (`id`);

--
-- Indexes for table `s_users`
--
ALTER TABLE `s_users`
  ADD PRIMARY KEY (`id`);

--
-- AUTO_INCREMENT for dumped tables
--

--
-- AUTO_INCREMENT for table `logs`
--
ALTER TABLE `logs`
  MODIFY `id` int(20) NOT NULL AUTO_INCREMENT, AUTO_INCREMENT=28;

--
-- AUTO_INCREMENT for table `m_departments`
--
ALTER TABLE `m_departments`
  MODIFY `id` int(11) NOT NULL AUTO_INCREMENT, AUTO_INCREMENT=3;

--
-- AUTO_INCREMENT for table `m_units`
--
ALTER TABLE `m_units`
  MODIFY `id` int(11) NOT NULL AUTO_INCREMENT, AUTO_INCREMENT=4;

--
-- AUTO_INCREMENT for table `system_logs`
--
ALTER TABLE `system_logs`
  MODIFY `id` int(20) NOT NULL AUTO_INCREMENT, AUTO_INCREMENT=41;

--
-- AUTO_INCREMENT for table `s_locations`
--
ALTER TABLE `s_locations`
  MODIFY `id` int(11) NOT NULL AUTO_INCREMENT, AUTO_INCREMENT=2;

--
-- AUTO_INCREMENT for table `s_permissions`
--
ALTER TABLE `s_permissions`
  MODIFY `id` int(11) NOT NULL AUTO_INCREMENT, AUTO_INCREMENT=3;

--
-- AUTO_INCREMENT for table `s_roles`
--
ALTER TABLE `s_roles`
  MODIFY `id` int(11) NOT NULL AUTO_INCREMENT, AUTO_INCREMENT=4;

--
-- AUTO_INCREMENT for table `s_settings`
--
ALTER TABLE `s_settings`
  MODIFY `id` int(11) NOT NULL AUTO_INCREMENT, AUTO_INCREMENT=2;

--
-- AUTO_INCREMENT for table `s_users`
--
ALTER TABLE `s_users`
  MODIFY `id` int(11) NOT NULL AUTO_INCREMENT, AUTO_INCREMENT=3;
COMMIT;

/*!40101 SET CHARACTER_SET_CLIENT=@OLD_CHARACTER_SET_CLIENT */;
/*!40101 SET CHARACTER_SET_RESULTS=@OLD_CHARACTER_SET_RESULTS */;
/*!40101 SET COLLATION_CONNECTION=@OLD_COLLATION_CONNECTION */;
