-- phpMyAdmin SQL Dump
-- version 4.9.0.1
-- https://www.phpmyadmin.net/
--
-- Host: 127.0.0.1
-- Generation Time: Nov 20, 2021 at 04:51 PM
-- Server version: 10.4.6-MariaDB
-- PHP Version: 7.3.9

SET SQL_MODE = "NO_AUTO_VALUE_ON_ZERO";
SET AUTOCOMMIT = 0;
START TRANSACTION;
SET time_zone = "+00:00";


/*!40101 SET @OLD_CHARACTER_SET_CLIENT=@@CHARACTER_SET_CLIENT */;
/*!40101 SET @OLD_CHARACTER_SET_RESULTS=@@CHARACTER_SET_RESULTS */;
/*!40101 SET @OLD_COLLATION_CONNECTION=@@COLLATION_CONNECTION */;
/*!40101 SET NAMES utf8mb4 */;

--
-- Database: `kp`
--
CREATE DATABASE IF NOT EXISTS `kp` DEFAULT CHARACTER SET utf8mb4 COLLATE utf8mb4_general_ci;
USE `kp`;

-- --------------------------------------------------------

--
-- Table structure for table `ci_sessions`
--

DROP TABLE IF EXISTS `ci_sessions`;
CREATE TABLE `ci_sessions` (
  `id` varchar(128) NOT NULL,
  `ip_address` varchar(45) NOT NULL,
  `timestamp` int(10) UNSIGNED NOT NULL DEFAULT 0,
  `data` blob NOT NULL
) ENGINE=MyISAM DEFAULT CHARSET=latin1;

--
-- Dumping data for table `ci_sessions`
--

INSERT INTO `ci_sessions` (`id`, `ip_address`, `timestamp`, `data`) VALUES
('2q2bhohpak1v5c38ojh6r27os0fgae17', '::1', 1637387928, 0x5f5f63695f6c6173745f726567656e65726174657c693a313633373338363830353b6c6f67676564496e49647c733a363a224b5230303031223b6c6f67676564496e4e616d657c733a373a226d69636861656c223b646174614b617465676f72697c613a323a7b693a303b613a323a7b733a31313a2269645f6b617465676f7269223b733a363a224b5430303031223b733a31333a226e616d615f6b617465676f7269223b733a373a226d616b616e616e223b7d693a313b613a323a7b733a31313a2269645f6b617465676f7269223b733a363a224b5430303032223b733a31333a226e616d615f6b617465676f7269223b733a373a226d696e756d616e223b7d7d737563636573737c4e3b),
('ugbj7jsaecimkvn84u2bmu43h893umud', '::1', 1637386805, 0x5f5f63695f6c6173745f726567656e65726174657c693a313633373338363830353b6c6f67676564496e49647c733a363a224b5230303031223b6c6f67676564496e4e616d657c733a373a226d69636861656c223b646174614b617465676f72697c613a323a7b693a303b613a323a7b733a31313a2269645f6b617465676f7269223b733a363a224b5430303031223b733a31333a226e616d615f6b617465676f7269223b733a373a226d616b616e616e223b7d693a313b613a323a7b733a31313a2269645f6b617465676f7269223b733a363a224b5430303032223b733a31333a226e616d615f6b617465676f7269223b733a373a226d696e756d616e223b7d7d737563636573737c4e3b),
('0k2d7vv4tj6eieg0f7995mjok1a9qtjb', '::1', 1637385004, 0x5f5f63695f6c6173745f726567656e65726174657c693a313633373338353030343b6c6f67676564496e49647c733a363a224b5230303031223b6c6f67676564496e4e616d657c733a373a226d69636861656c223b646174614b617465676f72697c613a323a7b693a303b613a323a7b733a31313a2269645f6b617465676f7269223b733a363a224b5430303031223b733a31333a226e616d615f6b617465676f7269223b733a373a226d616b616e616e223b7d693a313b613a323a7b733a31313a2269645f6b617465676f7269223b733a363a224b5430303032223b733a31333a226e616d615f6b617465676f7269223b733a373a226d696e756d616e223b7d7d737563636573737c4e3b),
('m898m7hvoen7305l40pgo9173t7tile3', '::1', 1637378861, 0x5f5f63695f6c6173745f726567656e65726174657c693a313633373337383836313b6c6f67676564496e49647c733a363a224b5230303031223b6c6f67676564496e4e616d657c733a373a226d69636861656c223b646174614b617465676f72697c613a323a7b693a303b613a323a7b733a31313a2269645f6b617465676f7269223b733a363a224b5430303031223b733a31333a226e616d615f6b617465676f7269223b733a373a226d616b616e616e223b7d693a313b613a323a7b733a31313a2269645f6b617465676f7269223b733a363a224b5430303032223b733a31333a226e616d615f6b617465676f7269223b733a373a226d696e756d616e223b7d7d737563636573737c4e3b),
('a3vkackfed5tj4ip2ek3id9d6ar1gnb8', '::1', 1637376904, 0x5f5f63695f6c6173745f726567656e65726174657c693a313633373337363930343b6c6f67676564496e49647c733a363a224b5230303031223b6c6f67676564496e4e616d657c733a373a226d69636861656c223b646174614b617465676f72697c613a323a7b693a303b613a323a7b733a31313a2269645f6b617465676f7269223b733a363a224b5430303031223b733a31333a226e616d615f6b617465676f7269223b733a373a226d616b616e616e223b7d693a313b613a323a7b733a31313a2269645f6b617465676f7269223b733a363a224b5430303032223b733a31333a226e616d615f6b617465676f7269223b733a373a226d696e756d616e223b7d7d737563636573737c733a33323a22626572686173696c2074616d6261682064657461696c2070656e6a75616c616e223b5f5f63695f766172737c613a313a7b733a373a2273756363657373223b733a333a226e6577223b7d),
('ik3ouagkg6a78m29ibduqa169hhj8n9l', '::1', 1637375056, 0x5f5f63695f6c6173745f726567656e65726174657c693a313633373337353035363b737563636573737c4e3b6c6f67676564496e49647c733a363a224b5230303031223b6c6f67676564496e4e616d657c733a373a226d69636861656c223b646174614b617465676f72697c613a323a7b693a303b613a323a7b733a31313a2269645f6b617465676f7269223b733a363a224b5430303031223b733a31333a226e616d615f6b617465676f7269223b733a373a226d616b616e616e223b7d693a313b613a323a7b733a31313a2269645f6b617465676f7269223b733a363a224b5430303032223b733a31333a226e616d615f6b617465676f7269223b733a373a226d696e756d616e223b7d7d),
('sdqb5rj2b8nq90sadbogflcp5q9i4uc9', '::1', 1637373255, 0x5f5f63695f6c6173745f726567656e65726174657c693a313633373337333235353b737563636573737c4e3b6c6f67676564496e49647c733a363a224b5230303031223b6c6f67676564496e4e616d657c733a373a226d69636861656c223b),
('g1j1f6s7pgdc8ifdvfmb9j1p2ipau1q2', '::1', 1637371197, 0x5f5f63695f6c6173745f726567656e65726174657c693a313633373337313139373b737563636573737c4e3b6c6f67676564496e49647c733a363a224b5230303031223b6c6f67676564496e4e616d657c733a373a226d69636861656c223b),
('n5p9ml9rth76bh69gepb3onqn0u9brs7', '::1', 1637319567, 0x5f5f63695f6c6173745f726567656e65726174657c693a313633373331383731373b6461746150726f64756b7c613a323a7b693a303b613a343a7b733a393a2269645f70726f64756b223b733a363a22505230303031223b733a31313a2269645f6b617465676f7269223b733a363a224b5430303031223b733a31313a226e616d615f70726f64756b223b733a353a2270697a7a61223b733a31323a2268617267615f70726f64756b223b733a353a223130303030223b7d693a313b613a343a7b733a393a2269645f70726f64756b223b733a363a22505230303032223b733a31313a2269645f6b617465676f7269223b733a363a224b5430303032223b733a31313a226e616d615f70726f64756b223b733a383a226573206461776574223b733a31323a2268617267615f70726f64756b223b733a343a2235303030223b7d7d646174614b617465676f72697c613a323a7b693a303b613a323a7b733a31313a2269645f6b617465676f7269223b733a363a224b5430303031223b733a31333a226e616d615f6b617465676f7269223b733a373a226d616b616e616e223b7d693a313b613a323a7b733a31313a2269645f6b617465676f7269223b733a363a224b5430303032223b733a31333a226e616d615f6b617465676f7269223b733a373a226d696e756d616e223b7d7d737563636573737c4e3b),
('qt596tnurpdm1823d8ef41tj8l95g42g', '::1', 1637318717, 0x5f5f63695f6c6173745f726567656e65726174657c693a313633373331383731373b6461746150726f64756b7c613a323a7b693a303b613a343a7b733a393a2269645f70726f64756b223b733a363a22505230303031223b733a31313a2269645f6b617465676f7269223b733a363a224b5430303031223b733a31313a226e616d615f70726f64756b223b733a353a2270697a7a61223b733a31323a2268617267615f70726f64756b223b733a353a223130303030223b7d693a313b613a343a7b733a393a2269645f70726f64756b223b733a363a22505230303032223b733a31313a2269645f6b617465676f7269223b733a363a224b5430303032223b733a31313a226e616d615f70726f64756b223b733a383a226573206461776574223b733a31323a2268617267615f70726f64756b223b733a343a2235303030223b7d7d646174614b617465676f72697c613a323a7b693a303b613a323a7b733a31313a2269645f6b617465676f7269223b733a363a224b5430303031223b733a31333a226e616d615f6b617465676f7269223b733a373a226d616b616e616e223b7d693a313b613a323a7b733a31313a2269645f6b617465676f7269223b733a363a224b5430303032223b733a31333a226e616d615f6b617465676f7269223b733a373a226d696e756d616e223b7d7d737563636573737c4e3b),
('4rjd08s7b1f32oocapfrruud011rrdq4', '::1', 1637316717, 0x5f5f63695f6c6173745f726567656e65726174657c693a313633373331363731373b6461746150726f64756b7c613a323a7b693a303b613a343a7b733a393a2269645f70726f64756b223b733a363a22505230303031223b733a31313a2269645f6b617465676f7269223b733a363a224b5430303031223b733a31313a226e616d615f70726f64756b223b733a353a2270697a7a61223b733a31323a2268617267615f70726f64756b223b733a353a223130303030223b7d693a313b613a343a7b733a393a2269645f70726f64756b223b733a363a22505230303032223b733a31313a2269645f6b617465676f7269223b733a363a224b5430303032223b733a31313a226e616d615f70726f64756b223b733a383a226573206461776574223b733a31323a2268617267615f70726f64756b223b733a343a2235303030223b7d7d646174614b617465676f72697c613a323a7b693a303b613a323a7b733a31313a2269645f6b617465676f7269223b733a363a224b5430303031223b733a31333a226e616d615f6b617465676f7269223b733a373a226d616b616e616e223b7d693a313b613a323a7b733a31313a2269645f6b617465676f7269223b733a363a224b5430303032223b733a31333a226e616d615f6b617465676f7269223b733a373a226d696e756d616e223b7d7d737563636573737c4e3b),
('ln47k0ur29l5ufrph7mgc21lb86nbno7', '::1', 1637312228, 0x5f5f63695f6c6173745f726567656e65726174657c693a313633373331323232383b6461746150726f64756b7c613a323a7b693a303b613a343a7b733a393a2269645f70726f64756b223b733a363a22505230303031223b733a31313a2269645f6b617465676f7269223b733a363a224b5430303031223b733a31313a226e616d615f70726f64756b223b733a353a2270697a7a61223b733a31323a2268617267615f70726f64756b223b733a353a223130303030223b7d693a313b613a343a7b733a393a2269645f70726f64756b223b733a363a22505230303032223b733a31313a2269645f6b617465676f7269223b733a363a224b5430303032223b733a31313a226e616d615f70726f64756b223b733a383a226573206461776574223b733a31323a2268617267615f70726f64756b223b733a343a2235303030223b7d7d646174614b617465676f72697c613a323a7b693a303b613a323a7b733a31313a2269645f6b617465676f7269223b733a363a224b5430303031223b733a31333a226e616d615f6b617465676f7269223b733a373a226d616b616e616e223b7d693a313b613a323a7b733a31313a2269645f6b617465676f7269223b733a363a224b5430303032223b733a31333a226e616d615f6b617465676f7269223b733a373a226d696e756d616e223b7d7d737563636573737c4e3b),
('7mjhn6og62jh3um2fht16ju0k9cfs4ui', '::1', 1637314043, 0x5f5f63695f6c6173745f726567656e65726174657c693a313633373331343034333b6461746150726f64756b7c613a323a7b693a303b613a343a7b733a393a2269645f70726f64756b223b733a363a22505230303031223b733a31313a2269645f6b617465676f7269223b733a363a224b5430303031223b733a31313a226e616d615f70726f64756b223b733a353a2270697a7a61223b733a31323a2268617267615f70726f64756b223b733a353a223130303030223b7d693a313b613a343a7b733a393a2269645f70726f64756b223b733a363a22505230303032223b733a31313a2269645f6b617465676f7269223b733a363a224b5430303032223b733a31313a226e616d615f70726f64756b223b733a383a226573206461776574223b733a31323a2268617267615f70726f64756b223b733a343a2235303030223b7d7d646174614b617465676f72697c613a323a7b693a303b613a323a7b733a31313a2269645f6b617465676f7269223b733a363a224b5430303031223b733a31333a226e616d615f6b617465676f7269223b733a373a226d616b616e616e223b7d693a313b613a323a7b733a31313a2269645f6b617465676f7269223b733a363a224b5430303032223b733a31333a226e616d615f6b617465676f7269223b733a373a226d696e756d616e223b7d7d737563636573737c4e3b6c756e61737c733a32363a2270656d6261796172616e2070656d62656c69616e206c756e6173223b5f5f63695f766172737c613a313a7b733a353a226c756e6173223b733a333a226e6577223b7d),
('glbduu7kmtfd617t6ehh6ke986n2nveq', '::1', 1637302005, 0x5f5f63695f6c6173745f726567656e65726174657c693a313633373330323030353b6461746150726f64756b7c613a323a7b693a303b613a343a7b733a393a2269645f70726f64756b223b733a363a22505230303031223b733a31313a2269645f6b617465676f7269223b733a363a224b5430303031223b733a31313a226e616d615f70726f64756b223b733a353a2270697a7a61223b733a31323a2268617267615f70726f64756b223b733a353a223130303030223b7d693a313b613a343a7b733a393a2269645f70726f64756b223b733a363a22505230303032223b733a31313a2269645f6b617465676f7269223b733a363a224b5430303032223b733a31313a226e616d615f70726f64756b223b733a383a226573206461776574223b733a31323a2268617267615f70726f64756b223b733a343a2235303030223b7d7d646174614b617465676f72697c613a323a7b693a303b613a323a7b733a31313a2269645f6b617465676f7269223b733a363a224b5430303031223b733a31333a226e616d615f6b617465676f7269223b733a373a226d616b616e616e223b7d693a313b613a323a7b733a31313a2269645f6b617465676f7269223b733a363a224b5430303032223b733a31333a226e616d615f6b617465676f7269223b733a373a226d696e756d616e223b7d7d737563636573737c4e3b),
('ua2pbkcnreup5djnfd0s9qs5bgsne8sq', '::1', 1637303835, 0x5f5f63695f6c6173745f726567656e65726174657c693a313633373330333833353b6461746150726f64756b7c613a323a7b693a303b613a343a7b733a393a2269645f70726f64756b223b733a363a22505230303031223b733a31313a2269645f6b617465676f7269223b733a363a224b5430303031223b733a31313a226e616d615f70726f64756b223b733a353a2270697a7a61223b733a31323a2268617267615f70726f64756b223b733a353a223130303030223b7d693a313b613a343a7b733a393a2269645f70726f64756b223b733a363a22505230303032223b733a31313a2269645f6b617465676f7269223b733a363a224b5430303032223b733a31313a226e616d615f70726f64756b223b733a383a226573206461776574223b733a31323a2268617267615f70726f64756b223b733a343a2235303030223b7d7d646174614b617465676f72697c613a323a7b693a303b613a323a7b733a31313a2269645f6b617465676f7269223b733a363a224b5430303031223b733a31333a226e616d615f6b617465676f7269223b733a373a226d616b616e616e223b7d693a313b613a323a7b733a31313a2269645f6b617465676f7269223b733a363a224b5430303032223b733a31333a226e616d615f6b617465676f7269223b733a373a226d696e756d616e223b7d7d737563636573737c4e3b5f5f63695f766172737c613a313a7b733a373a2273756363657373223b733a333a226e6577223b7d),
('fg0imq5b449b811m0pb1sita9krm6jov', '::1', 1637309126, 0x5f5f63695f6c6173745f726567656e65726174657c693a313633373330393132363b6461746150726f64756b7c613a323a7b693a303b613a343a7b733a393a2269645f70726f64756b223b733a363a22505230303031223b733a31313a2269645f6b617465676f7269223b733a363a224b5430303031223b733a31313a226e616d615f70726f64756b223b733a353a2270697a7a61223b733a31323a2268617267615f70726f64756b223b733a353a223130303030223b7d693a313b613a343a7b733a393a2269645f70726f64756b223b733a363a22505230303032223b733a31313a2269645f6b617465676f7269223b733a363a224b5430303032223b733a31313a226e616d615f70726f64756b223b733a383a226573206461776574223b733a31323a2268617267615f70726f64756b223b733a343a2235303030223b7d7d646174614b617465676f72697c613a323a7b693a303b613a323a7b733a31313a2269645f6b617465676f7269223b733a363a224b5430303031223b733a31333a226e616d615f6b617465676f7269223b733a373a226d616b616e616e223b7d693a313b613a323a7b733a31313a2269645f6b617465676f7269223b733a363a224b5430303032223b733a31333a226e616d615f6b617465676f7269223b733a373a226d696e756d616e223b7d7d737563636573737c4e3b),
('kc5tpmi3i3chtedobm84241jg9pelu5l', '::1', 1637294915, 0x5f5f63695f6c6173745f726567656e65726174657c693a313633373239343931353b6461746150726f64756b7c613a323a7b693a303b613a343a7b733a393a2269645f70726f64756b223b733a363a22505230303031223b733a31313a2269645f6b617465676f7269223b733a363a224b5430303031223b733a31313a226e616d615f70726f64756b223b733a353a2270697a7a61223b733a31323a2268617267615f70726f64756b223b733a353a223130303030223b7d693a313b613a343a7b733a393a2269645f70726f64756b223b733a363a22505230303032223b733a31313a2269645f6b617465676f7269223b733a363a224b5430303032223b733a31313a226e616d615f70726f64756b223b733a383a226573206461776574223b733a31323a2268617267615f70726f64756b223b733a343a2235303030223b7d7d646174614b617465676f72697c613a323a7b693a303b613a323a7b733a31313a2269645f6b617465676f7269223b733a363a224b5430303031223b733a31333a226e616d615f6b617465676f7269223b733a373a226d616b616e616e223b7d693a313b613a323a7b733a31313a2269645f6b617465676f7269223b733a363a224b5430303032223b733a31333a226e616d615f6b617465676f7269223b733a373a226d696e756d616e223b7d7d),
('92k4s149msvsu2h45223s0hmn9orvc5h', '::1', 1637296727, 0x5f5f63695f6c6173745f726567656e65726174657c693a313633373239363732373b6461746150726f64756b7c613a323a7b693a303b613a343a7b733a393a2269645f70726f64756b223b733a363a22505230303031223b733a31313a2269645f6b617465676f7269223b733a363a224b5430303031223b733a31313a226e616d615f70726f64756b223b733a353a2270697a7a61223b733a31323a2268617267615f70726f64756b223b733a353a223130303030223b7d693a313b613a343a7b733a393a2269645f70726f64756b223b733a363a22505230303032223b733a31313a2269645f6b617465676f7269223b733a363a224b5430303032223b733a31313a226e616d615f70726f64756b223b733a383a226573206461776574223b733a31323a2268617267615f70726f64756b223b733a343a2235303030223b7d7d646174614b617465676f72697c613a323a7b693a303b613a323a7b733a31313a2269645f6b617465676f7269223b733a363a224b5430303031223b733a31333a226e616d615f6b617465676f7269223b733a373a226d616b616e616e223b7d693a313b613a323a7b733a31313a2269645f6b617465676f7269223b733a363a224b5430303032223b733a31333a226e616d615f6b617465676f7269223b733a373a226d696e756d616e223b7d7d737563636573737c4e3b),
('gg46ub06u3rnicepssiol8c884j93ra5', '::1', 1637300105, 0x5f5f63695f6c6173745f726567656e65726174657c693a313633373330303130353b6461746150726f64756b7c613a323a7b693a303b613a343a7b733a393a2269645f70726f64756b223b733a363a22505230303031223b733a31313a2269645f6b617465676f7269223b733a363a224b5430303031223b733a31313a226e616d615f70726f64756b223b733a353a2270697a7a61223b733a31323a2268617267615f70726f64756b223b733a353a223130303030223b7d693a313b613a343a7b733a393a2269645f70726f64756b223b733a363a22505230303032223b733a31313a2269645f6b617465676f7269223b733a363a224b5430303032223b733a31313a226e616d615f70726f64756b223b733a383a226573206461776574223b733a31323a2268617267615f70726f64756b223b733a343a2235303030223b7d7d646174614b617465676f72697c613a323a7b693a303b613a323a7b733a31313a2269645f6b617465676f7269223b733a363a224b5430303031223b733a31333a226e616d615f6b617465676f7269223b733a373a226d616b616e616e223b7d693a313b613a323a7b733a31313a2269645f6b617465676f7269223b733a363a224b5430303032223b733a31333a226e616d615f6b617465676f7269223b733a373a226d696e756d616e223b7d7d737563636573737c4e3b),
('eaedabev6hh67ubd1iglidhhk5qkjdun', '::1', 1637422568, 0x5f5f63695f6c6173745f726567656e65726174657c693a313633373432323536383b737563636573737c4e3b5f5f63695f766172737c613a313a7b733a373a2273756363657373223b733a333a226f6c64223b7d),
('9rmil1ocd34p8bdlisdnm7u3qnn6585g', '::1', 1637423390, 0x5f5f63695f6c6173745f726567656e65726174657c693a313633373432323536383b737563636573737c4e3b);

-- --------------------------------------------------------

--
-- Table structure for table `dbeli`
--

DROP TABLE IF EXISTS `dbeli`;
CREATE TABLE `dbeli` (
  `id_dbeli` varchar(10) NOT NULL,
  `id_hbeli` varchar(10) NOT NULL,
  `nama_pembelian` text NOT NULL,
  `jumlah_beli` int(11) NOT NULL,
  `subtotal` int(11) NOT NULL
) ENGINE=InnoDB DEFAULT CHARSET=utf8mb4;

--
-- Dumping data for table `dbeli`
--

INSERT INTO `dbeli` (`id_dbeli`, `id_hbeli`, `nama_pembelian`, `jumlah_beli`, `subtotal`) VALUES
('DBL000007', 'HBL000004', '', 100, 1500000),
('DBL000008', 'HBL000004', '', 10, 1000000),
('DBL000009', 'HBL000005', '', 10, 100000),
('DBL000010', 'HBL000010', '', 2, 2),
('DBL000011', 'HBL000010', '', 2, 2),
('DBL000012', 'HBL000010', 'bahan 3', 30, 30),
('DBL000013', 'HBL000011', 'bahan 3', 2, 2),
('DBL000014', 'HBL000011', 'bahan 2', 30, 90),
('DBL000015', 'HBL000012', 'bahan 3', 2, 2),
('DBL000016', 'HBL000012', 'bahan 3', 2, 2),
('DBL000017', 'HBL000012', 'bahan 3', 2, 2);

-- --------------------------------------------------------

--
-- Table structure for table `djual`
--

DROP TABLE IF EXISTS `djual`;
CREATE TABLE `djual` (
  `id_djual` varchar(10) NOT NULL,
  `jumlah_jual` int(11) NOT NULL,
  `subtotal` int(11) NOT NULL,
  `id_produk` varchar(10) NOT NULL,
  `id_hjual` varchar(10) NOT NULL
) ENGINE=InnoDB DEFAULT CHARSET=utf8mb4;

--
-- Dumping data for table `djual`
--

INSERT INTO `djual` (`id_djual`, `jumlah_jual`, `subtotal`, `id_produk`, `id_hjual`) VALUES
('DJL000001', 10, 0, 'PR0001', 'HJL000001'),
('DJL000002', 100000, 0, 'PR0002', 'HJL000001'),
('DJL000003', 1000000, 0, 'PR0002', 'HJL000002'),
('DJL000004', 1000000, 0, 'PR0002', 'HJL000002');

-- --------------------------------------------------------

--
-- Table structure for table `hbeli`
--

DROP TABLE IF EXISTS `hbeli`;
CREATE TABLE `hbeli` (
  `id_hbeli` varchar(10) NOT NULL,
  `tanggal_beli` text NOT NULL,
  `total_beli` int(11) NOT NULL,
  `id_supplier` varchar(10) NOT NULL,
  `status_beli` text NOT NULL
) ENGINE=InnoDB DEFAULT CHARSET=utf8mb4;

--
-- Dumping data for table `hbeli`
--

INSERT INTO `hbeli` (`id_hbeli`, `tanggal_beli`, `total_beli`, `id_supplier`, `status_beli`) VALUES
('HBL000004', '2021-11-05', 2500000, 'SU0001', 'sudah terbayar'),
('HBL000005', '2021-11-02', 100000, 'SU0001', 'sudah terbayar'),
('HBL000006', 'SU0001', 0, 'SU0001', 'belum terbayar'),
('HBL000007', '2021-11-12', 0, 'SU0002', 'belum terbayar'),
('HBL000008', '2021-11-11', 0, 'SU0002', 'belum terbayar'),
('HBL000009', '', 0, 'SU0001', 'belum terbayar'),
('HBL000010', '2021-11-24', 34, 'SU0002', 'belum terbayar'),
('HBL000011', '2021-11-18', 92, 'SU0001', 'belum terbayar');

-- --------------------------------------------------------

--
-- Table structure for table `hjual`
--

DROP TABLE IF EXISTS `hjual`;
CREATE TABLE `hjual` (
  `id_hjual` varchar(10) NOT NULL,
  `tanggal_jual` text NOT NULL,
  `total_jual` int(11) NOT NULL,
  `id_konsumen` varchar(10) NOT NULL,
  `status_jual` text NOT NULL
) ENGINE=InnoDB DEFAULT CHARSET=utf8mb4;

--
-- Dumping data for table `hjual`
--

INSERT INTO `hjual` (`id_hjual`, `tanggal_jual`, `total_jual`, `id_konsumen`, `status_jual`) VALUES
('HJL000001', '2021-11-02', 500000, 'CU0007', 'sudah terbayar'),
('HJL000002', '2021-11-03', 500000, 'CU0007', 'sudah terbayar');

-- --------------------------------------------------------

--
-- Table structure for table `karyawan`
--

DROP TABLE IF EXISTS `karyawan`;
CREATE TABLE `karyawan` (
  `id_karyawan` varchar(10) NOT NULL,
  `nama_karyawan` text NOT NULL,
  `password_karyawan` text NOT NULL,
  `jabatan_karyawan` text NOT NULL,
  `alamat_karyawan` text NOT NULL,
  `no_telp_karyawan` text NOT NULL,
  `jk_karyawan` text NOT NULL
) ENGINE=InnoDB DEFAULT CHARSET=utf8mb4;

--
-- Dumping data for table `karyawan`
--

INSERT INTO `karyawan` (`id_karyawan`, `nama_karyawan`, `password_karyawan`, `jabatan_karyawan`, `alamat_karyawan`, `no_telp_karyawan`, `jk_karyawan`) VALUES
('KR0001', 'michael', '123', 'Pegawai', 'Jalan karang asem ', '111111234', 'Laki-laki'),
('KR0002', 'a12', '1', 'a12', 'a12', 'a12', 'a12'),
('KR0003', '1212', '1', '1212', '1212', '1212', '1212'),
('KR0005', '1111', '1', 'Manajer', '1111', '1111', 'Laki-laki'),
('KR0006', '', '1', 'Admin', '', '', 'Perempuan'),
('KR0007', '12', '1', 'Admin', '12', '', 'Perempuan');

-- --------------------------------------------------------

--
-- Table structure for table `kategori`
--

DROP TABLE IF EXISTS `kategori`;
CREATE TABLE `kategori` (
  `id_kategori` varchar(10) NOT NULL,
  `nama_kategori` text NOT NULL
) ENGINE=InnoDB DEFAULT CHARSET=utf8mb4;

--
-- Dumping data for table `kategori`
--

INSERT INTO `kategori` (`id_kategori`, `nama_kategori`) VALUES
('KT0001', 'makanan'),
('KT0002', 'minuman');

-- --------------------------------------------------------

--
-- Table structure for table `konsumen`
--

DROP TABLE IF EXISTS `konsumen`;
CREATE TABLE `konsumen` (
  `id_konsumen` varchar(10) NOT NULL,
  `id_karyawan` varchar(10) NOT NULL,
  `nama_konsumen` text NOT NULL,
  `alamat_konsumen` text NOT NULL,
  `no_telp_konsumen` text NOT NULL
) ENGINE=InnoDB DEFAULT CHARSET=utf8mb4;

--
-- Dumping data for table `konsumen`
--

INSERT INTO `konsumen` (`id_konsumen`, `id_karyawan`, `nama_konsumen`, `alamat_konsumen`, `no_telp_konsumen`) VALUES
('CU0006', 'KR0001', '1222', '1222', '1222'),
('CU0007', 'KR0001', '123', '123', '123'),
('CU0008', 'KR0001', 's', 's', 's');

-- --------------------------------------------------------

--
-- Table structure for table `pbeli`
--

DROP TABLE IF EXISTS `pbeli`;
CREATE TABLE `pbeli` (
  `id_beli` varchar(10) NOT NULL,
  `id_hbeli` varchar(10) NOT NULL,
  `tgl_beli` date NOT NULL,
  `note_beli` text NOT NULL,
  `metode_bayar` text NOT NULL,
  `nominal_bayar` int(11) NOT NULL
) ENGINE=InnoDB DEFAULT CHARSET=utf8mb4;

--
-- Dumping data for table `pbeli`
--

INSERT INTO `pbeli` (`id_beli`, `id_hbeli`, `tgl_beli`, `note_beli`, `metode_bayar`, `nominal_bayar`) VALUES
('PBL000001', 'HBL000004', '2021-11-18', 'cicilan 1 x', 'transfer', 500000),
('PBL000002', 'HBL000004', '2021-11-18', 'cicilan 2 x', 'e-wallet', 1000000),
('PBL000003', 'HBL000004', '2021-11-26', 'lunas', 'cash', 1000000),
('PBL000004', 'HBL000005', '2021-11-18', 'cicilan 1 x', 'cash', 50000),
('PBL000005', 'HBL000005', '0000-00-00', 'cicilan 1 x', 'cash', 50000);

-- --------------------------------------------------------

--
-- Table structure for table `pjual`
--

DROP TABLE IF EXISTS `pjual`;
CREATE TABLE `pjual` (
  `id_jual` varchar(10) NOT NULL,
  `id_hjual` varchar(10) NOT NULL,
  `tgl_jual` text NOT NULL,
  `note_jual` text NOT NULL,
  `metode_jual` text NOT NULL,
  `nominal_bayar` int(11) NOT NULL
) ENGINE=InnoDB DEFAULT CHARSET=utf8mb4;

--
-- Dumping data for table `pjual`
--

INSERT INTO `pjual` (`id_jual`, `id_hjual`, `tgl_jual`, `note_jual`, `metode_jual`, `nominal_bayar`) VALUES
('PJL000001', 'HJL000001', '2021-11-12', 'cicilan 1 x', 'cash', 250000),
('PJL000002', 'HJL000002', '2021-11-12', '1 x', 'cash', 250000),
('PJL000003', 'HJL000002', '2021-11-19', 'lunas', 'e-wallet', 250000);

-- --------------------------------------------------------

--
-- Table structure for table `produk`
--

DROP TABLE IF EXISTS `produk`;
CREATE TABLE `produk` (
  `id_produk` varchar(10) NOT NULL,
  `id_kategori` varchar(10) NOT NULL,
  `nama_produk` text NOT NULL,
  `harga_produk` int(11) NOT NULL
) ENGINE=InnoDB DEFAULT CHARSET=utf8mb4;

--
-- Dumping data for table `produk`
--

INSERT INTO `produk` (`id_produk`, `id_kategori`, `nama_produk`, `harga_produk`) VALUES
('PR0001', 'KT0001', 'pizza', 10000),
('PR0002', 'KT0002', 'es dawet', 5000);

-- --------------------------------------------------------

--
-- Table structure for table `supplier`
--

DROP TABLE IF EXISTS `supplier`;
CREATE TABLE `supplier` (
  `id_supplier` varchar(10) NOT NULL,
  `nama_supplier` text NOT NULL,
  `alamat_supplier` text NOT NULL,
  `no_telp_supplier` text NOT NULL
) ENGINE=InnoDB DEFAULT CHARSET=utf8mb4;

--
-- Dumping data for table `supplier`
--

INSERT INTO `supplier` (`id_supplier`, `nama_supplier`, `alamat_supplier`, `no_telp_supplier`) VALUES
('SU0001', '1', '1', '1'),
('SU0002', '123', '123', '123');

--
-- Indexes for dumped tables
--

--
-- Indexes for table `dbeli`
--
ALTER TABLE `dbeli`
  ADD PRIMARY KEY (`id_dbeli`);

--
-- Indexes for table `djual`
--
ALTER TABLE `djual`
  ADD PRIMARY KEY (`id_djual`);

--
-- Indexes for table `hbeli`
--
ALTER TABLE `hbeli`
  ADD PRIMARY KEY (`id_hbeli`);

--
-- Indexes for table `hjual`
--
ALTER TABLE `hjual`
  ADD PRIMARY KEY (`id_hjual`);

--
-- Indexes for table `karyawan`
--
ALTER TABLE `karyawan`
  ADD PRIMARY KEY (`id_karyawan`);

--
-- Indexes for table `kategori`
--
ALTER TABLE `kategori`
  ADD PRIMARY KEY (`id_kategori`);

--
-- Indexes for table `konsumen`
--
ALTER TABLE `konsumen`
  ADD PRIMARY KEY (`id_konsumen`);

--
-- Indexes for table `pbeli`
--
ALTER TABLE `pbeli`
  ADD PRIMARY KEY (`id_beli`);

--
-- Indexes for table `produk`
--
ALTER TABLE `produk`
  ADD PRIMARY KEY (`id_produk`);

--
-- Indexes for table `supplier`
--
ALTER TABLE `supplier`
  ADD PRIMARY KEY (`id_supplier`);
COMMIT;

/*!40101 SET CHARACTER_SET_CLIENT=@OLD_CHARACTER_SET_CLIENT */;
/*!40101 SET CHARACTER_SET_RESULTS=@OLD_CHARACTER_SET_RESULTS */;
/*!40101 SET COLLATION_CONNECTION=@OLD_COLLATION_CONNECTION */;
