-- phpMyAdmin SQL Dump
-- version 5.0.1
-- https://www.phpmyadmin.net/
--
-- Host: localhost
-- Generation Time: Oct 07, 2020 at 06:53 PM
-- Server version: 10.4.11-MariaDB
-- PHP Version: 7.2.27

SET SQL_MODE = "NO_AUTO_VALUE_ON_ZERO";
SET AUTOCOMMIT = 0;
START TRANSACTION;
SET time_zone = "+00:00";


/*!40101 SET @OLD_CHARACTER_SET_CLIENT=@@CHARACTER_SET_CLIENT */;
/*!40101 SET @OLD_CHARACTER_SET_RESULTS=@@CHARACTER_SET_RESULTS */;
/*!40101 SET @OLD_COLLATION_CONNECTION=@@COLLATION_CONNECTION */;
/*!40101 SET NAMES utf8mb4 */;

--
-- Database: `aindo_berca`
--

-- --------------------------------------------------------

--
-- Table structure for table `ci_sessions`
--

CREATE TABLE `ci_sessions` (
  `id` varchar(128) NOT NULL,
  `ip_address` varchar(45) NOT NULL,
  `timestamp` int(10) UNSIGNED NOT NULL DEFAULT 0,
  `data` blob NOT NULL
) ENGINE=MyISAM DEFAULT CHARSET=latin1;

--
-- Dumping data for table `ci_sessions`
--

INSERT INTO `ci_sessions` (`id`, `ip_address`, `timestamp`, `data`) VALUES
('f04a74aa6226ccf8cf8eea181dad8c174e5fffee', '::1', 1602000901, 0x5f5f63695f6c6173745f726567656e65726174657c693a313630323030303930313b),
('9936922009675d2e8c47399a00ed85644da22e75', '127.0.0.1', 1602042197, 0x5f5f63695f6c6173745f726567656e65726174657c693a313630323034323139373b61696e646f5f62657263617c613a373a7b733a323a226964223b733a313a2231223b733a383a22757365726e616d65223b733a353a2261646d696e223b733a343a22726f6c65223b733a313a2231223b733a393a22726f6c655f6e616d65223b733a31393a2253757065722041646d696e6973747261746f72223b733a31353a22726f6c655f6964656e746966696572223b733a31303a22737570657261646d696e223b733a383a226c6f636174696f6e223b733a313a2231223b733a393a2276616c696461746564223b623a313b7d61696e646f5f62657263615f6c6f636174696f6e7c613a363a7b733a323a226964223b733a313a2231223b733a343a22636f6465223b733a31333a224c4f4330303030303030303031223b733a343a226e616d65223b733a31303a224c6f636174696f6e2031223b733a373a2261646472657373223b733a32323a22416464726573732031612c2041646472657373203162223b733a353a2270686f6e65223b733a31383a2250686f6e652031612c2050686f6e65203162223b733a31343a226c6f636174696f6e5f67726f7570223b733a313a2230223b7d62616e6e65645f70616765737c613a303a7b7d6d6573736167657c4e3b6e6f74696669636174696f6e7c4e3b),
('d33e55df7994b40d4620d4f82f6ac2513d9986d2', '127.0.0.1', 1602048930, 0x5f5f63695f6c6173745f726567656e65726174657c693a313630323034383933303b),
('d05e2dc35d51b5c2ba4f0e81f99f4a11c018720c', '::1', 1602048961, 0x5f5f63695f6c6173745f726567656e65726174657c693a313630323034383936313b),
('c1435e7f160ad8f05149427985647c93fbd983fa', '::1', 1601989529, 0x5f5f63695f6c6173745f726567656e65726174657c693a313630313938393532393b61696e646f5f62657263617c613a373a7b733a323a226964223b733a313a2234223b733a383a22757365726e616d65223b733a353a226465697367223b733a343a22726f6c65223b733a313a2234223b733a393a22726f6c655f6e616d65223b733a31343a224461746120456e74727920495347223b733a31353a22726f6c655f6964656e746966696572223b733a31323a2269736764617461656e747279223b733a383a226c6f636174696f6e223b733a313a2231223b733a393a2276616c696461746564223b623a313b7d61696e646f5f62657263615f6c6f636174696f6e7c613a363a7b733a323a226964223b733a313a2231223b733a343a22636f6465223b733a31333a224c4f4330303030303030303031223b733a343a226e616d65223b733a31303a224c6f636174696f6e2031223b733a373a2261646472657373223b733a32323a22416464726573732031612c2041646472657373203162223b733a353a2270686f6e65223b733a31383a2250686f6e652031612c2050686f6e65203162223b733a31343a226c6f636174696f6e5f67726f7570223b733a313a2230223b7d62616e6e65645f70616765737c613a35333a7b693a303b733a31393a227375706572656469745f77617265686f757365223b693a313b733a31343a22656469745f77617265686f757365223b693a323b733a31363a2264656c6574655f77617265686f757365223b693a333b733a32303a226d616e6167655f6873675f7072696e636970616c223b693a343b733a31373a226164645f6873675f7072696e636970616c223b693a353b733a32333a227375706572656469745f6873675f7072696e636970616c223b693a363b733a31383a22656469745f6873675f7072696e636970616c223b693a373b733a32303a2264656c6574655f6873675f7072696e636970616c223b693a383b733a31383a22766965775f6873675f7072696e636970616c223b693a393b733a31383a226d616e6167655f6873675f70726f64756374223b693a31303b733a31353a226164645f6873675f70726f64756374223b693a31313b733a32313a227375706572656469745f6873675f70726f64756374223b693a31323b733a31363a22656469745f6873675f70726f64756374223b693a31333b733a31383a2264656c6574655f6873675f70726f64756374223b693a31343b733a31363a22766965775f6873675f70726f64756374223b693a31353b733a32313a226d616e6167655f6873675f70726f647563745f696e223b693a31363b733a31383a226164645f6873675f70726f647563745f696e223b693a31373b733a32343a227375706572656469745f6873675f70726f647563745f696e223b693a31383b733a31393a22656469745f6873675f70726f647563745f696e223b693a31393b733a32313a2264656c6574655f6873675f70726f647563745f696e223b693a32303b733a31393a22766965775f6873675f70726f647563745f696e223b693a32313b733a32323a226d616e6167655f6873675f70726f647563745f6f7574223b693a32323b733a31393a226164645f6873675f70726f647563745f6f7574223b693a32333b733a32353a227375706572656469745f6873675f70726f647563745f6f7574223b693a32343b733a32303a22656469745f6873675f70726f647563745f6f7574223b693a32353b733a32323a2264656c6574655f6873675f70726f647563745f6f7574223b693a32363b733a32303a22766965775f6873675f70726f647563745f6f7574223b693a32373b733a32333a227375706572656469745f6973675f7072696e636970616c223b693a32383b733a31383a22656469745f6973675f7072696e636970616c223b693a32393b733a32303a2264656c6574655f6973675f7072696e636970616c223b693a33303b733a32313a227375706572656469745f6973675f70726f64756374223b693a33313b733a31363a22656469745f6973675f70726f64756374223b693a33323b733a31383a2264656c6574655f6973675f70726f64756374223b693a33333b733a32343a227375706572656469745f6973675f70726f647563745f696e223b693a33343b733a31393a22656469745f6973675f70726f647563745f696e223b693a33353b733a32313a2264656c6574655f6973675f70726f647563745f696e223b693a33363b733a32353a227375706572656469745f6973675f70726f647563745f6f7574223b693a33373b733a32303a22656469745f6973675f70726f647563745f6f7574223b693a33383b733a32323a2264656c6574655f6973675f70726f647563745f6f7574223b693a33393b733a31313a226d616e6167655f75736572223b693a34303b733a383a226164645f75736572223b693a34313b733a31343a227375706572656469745f75736572223b693a34323b733a393a22656469745f75736572223b693a34333b733a31313a2264656c6574655f75736572223b693a34343b733a393a22766965775f75736572223b693a34353b733a33353a226d616e6167655f7265706f72742f70726f647563745f6e616d652f747970652f687367223b693a34363b733a33353a226d616e6167655f7265706f72742f70726f647563745f6e616d652f747970652f616c6c223b693a34373b733a32363a226d616e6167655f7265706f72742f70726f647563745f6e616d65223b693a34383b733a33363a226d616e6167655f7265706f72742f73657269616c5f6e756d6265722f747970652f687367223b693a34393b733a33363a226d616e6167655f7265706f72742f73657269616c5f6e756d6265722f747970652f616c6c223b693a35303b733a32373a226d616e6167655f7265706f72742f73657269616c5f6e756d626572223b693a35313b733a32313a226d616e6167655f6261636b75705f726573746f7265223b693a35323b733a31303a226d616e6167655f6c6f67223b7d666f726d5f6261636b7c733a303a22223b5f5f63695f766172737c613a313a7b733a393a22666f726d5f6261636b223b733a333a226e6577223b7d),
('52572c04c1328b7c4b4b2d43e0a25e8b01eb2c6b', '::1', 1601992637, 0x5f5f63695f6c6173745f726567656e65726174657c693a313630313939323633373b),
('a65da4f93a9118c0f6af178e3d85b62e0d22b4b5', '::1', 1601994504, 0x5f5f63695f6c6173745f726567656e65726174657c693a313630313939343530343b61696e646f5f62657263617c613a373a7b733a323a226964223b733a313a2234223b733a383a22757365726e616d65223b733a353a226465697367223b733a343a22726f6c65223b733a313a2234223b733a393a22726f6c655f6e616d65223b733a31343a224461746120456e74727920495347223b733a31353a22726f6c655f6964656e746966696572223b733a31323a2269736764617461656e747279223b733a383a226c6f636174696f6e223b733a313a2231223b733a393a2276616c696461746564223b623a313b7d61696e646f5f62657263615f6c6f636174696f6e7c613a363a7b733a323a226964223b733a313a2231223b733a343a22636f6465223b733a31333a224c4f4330303030303030303031223b733a343a226e616d65223b733a31303a224c6f636174696f6e2031223b733a373a2261646472657373223b733a32323a22416464726573732031612c2041646472657373203162223b733a353a2270686f6e65223b733a31383a2250686f6e652031612c2050686f6e65203162223b733a31343a226c6f636174696f6e5f67726f7570223b733a313a2230223b7d62616e6e65645f70616765737c613a35333a7b693a303b733a31393a227375706572656469745f77617265686f757365223b693a313b733a31343a22656469745f77617265686f757365223b693a323b733a31363a2264656c6574655f77617265686f757365223b693a333b733a32303a226d616e6167655f6873675f7072696e636970616c223b693a343b733a31373a226164645f6873675f7072696e636970616c223b693a353b733a32333a227375706572656469745f6873675f7072696e636970616c223b693a363b733a31383a22656469745f6873675f7072696e636970616c223b693a373b733a32303a2264656c6574655f6873675f7072696e636970616c223b693a383b733a31383a22766965775f6873675f7072696e636970616c223b693a393b733a31383a226d616e6167655f6873675f70726f64756374223b693a31303b733a31353a226164645f6873675f70726f64756374223b693a31313b733a32313a227375706572656469745f6873675f70726f64756374223b693a31323b733a31363a22656469745f6873675f70726f64756374223b693a31333b733a31383a2264656c6574655f6873675f70726f64756374223b693a31343b733a31363a22766965775f6873675f70726f64756374223b693a31353b733a32313a226d616e6167655f6873675f70726f647563745f696e223b693a31363b733a31383a226164645f6873675f70726f647563745f696e223b693a31373b733a32343a227375706572656469745f6873675f70726f647563745f696e223b693a31383b733a31393a22656469745f6873675f70726f647563745f696e223b693a31393b733a32313a2264656c6574655f6873675f70726f647563745f696e223b693a32303b733a31393a22766965775f6873675f70726f647563745f696e223b693a32313b733a32323a226d616e6167655f6873675f70726f647563745f6f7574223b693a32323b733a31393a226164645f6873675f70726f647563745f6f7574223b693a32333b733a32353a227375706572656469745f6873675f70726f647563745f6f7574223b693a32343b733a32303a22656469745f6873675f70726f647563745f6f7574223b693a32353b733a32323a2264656c6574655f6873675f70726f647563745f6f7574223b693a32363b733a32303a22766965775f6873675f70726f647563745f6f7574223b693a32373b733a32333a227375706572656469745f6973675f7072696e636970616c223b693a32383b733a31383a22656469745f6973675f7072696e636970616c223b693a32393b733a32303a2264656c6574655f6973675f7072696e636970616c223b693a33303b733a32313a227375706572656469745f6973675f70726f64756374223b693a33313b733a31363a22656469745f6973675f70726f64756374223b693a33323b733a31383a2264656c6574655f6973675f70726f64756374223b693a33333b733a32343a227375706572656469745f6973675f70726f647563745f696e223b693a33343b733a31393a22656469745f6973675f70726f647563745f696e223b693a33353b733a32313a2264656c6574655f6973675f70726f647563745f696e223b693a33363b733a32353a227375706572656469745f6973675f70726f647563745f6f7574223b693a33373b733a32303a22656469745f6973675f70726f647563745f6f7574223b693a33383b733a32323a2264656c6574655f6973675f70726f647563745f6f7574223b693a33393b733a31313a226d616e6167655f75736572223b693a34303b733a383a226164645f75736572223b693a34313b733a31343a227375706572656469745f75736572223b693a34323b733a393a22656469745f75736572223b693a34333b733a31313a2264656c6574655f75736572223b693a34343b733a393a22766965775f75736572223b693a34353b733a33353a226d616e6167655f7265706f72742f70726f647563745f6e616d652f747970652f687367223b693a34363b733a33353a226d616e6167655f7265706f72742f70726f647563745f6e616d652f747970652f616c6c223b693a34373b733a32363a226d616e6167655f7265706f72742f70726f647563745f6e616d65223b693a34383b733a33363a226d616e6167655f7265706f72742f73657269616c5f6e756d6265722f747970652f687367223b693a34393b733a33363a226d616e6167655f7265706f72742f73657269616c5f6e756d6265722f747970652f616c6c223b693a35303b733a32373a226d616e6167655f7265706f72742f73657269616c5f6e756d626572223b693a35313b733a32313a226d616e6167655f6261636b75705f726573746f7265223b693a35323b733a31303a226d616e6167655f6c6f67223b7d6d6573736167657c4e3b6e6f74696669636174696f6e7c4e3b666f726d5f6261636b7c733a303a22223b5f5f63695f766172737c613a313a7b733a393a22666f726d5f6261636b223b733a333a226e6577223b7d),
('660c8837327541cc79106454af8d4f3417331a9e', '::1', 1601997734, 0x5f5f63695f6c6173745f726567656e65726174657c693a313630313939373733343b61696e646f5f62657263617c613a373a7b733a323a226964223b733a313a2234223b733a383a22757365726e616d65223b733a353a226465697367223b733a343a22726f6c65223b733a313a2234223b733a393a22726f6c655f6e616d65223b733a31343a224461746120456e74727920495347223b733a31353a22726f6c655f6964656e746966696572223b733a31323a2269736764617461656e747279223b733a383a226c6f636174696f6e223b733a313a2231223b733a393a2276616c696461746564223b623a313b7d61696e646f5f62657263615f6c6f636174696f6e7c613a363a7b733a323a226964223b733a313a2231223b733a343a22636f6465223b733a31333a224c4f4330303030303030303031223b733a343a226e616d65223b733a31303a224c6f636174696f6e2031223b733a373a2261646472657373223b733a32323a22416464726573732031612c2041646472657373203162223b733a353a2270686f6e65223b733a31383a2250686f6e652031612c2050686f6e65203162223b733a31343a226c6f636174696f6e5f67726f7570223b733a313a2230223b7d62616e6e65645f70616765737c613a35333a7b693a303b733a31393a227375706572656469745f77617265686f757365223b693a313b733a31343a22656469745f77617265686f757365223b693a323b733a31363a2264656c6574655f77617265686f757365223b693a333b733a32303a226d616e6167655f6873675f7072696e636970616c223b693a343b733a31373a226164645f6873675f7072696e636970616c223b693a353b733a32333a227375706572656469745f6873675f7072696e636970616c223b693a363b733a31383a22656469745f6873675f7072696e636970616c223b693a373b733a32303a2264656c6574655f6873675f7072696e636970616c223b693a383b733a31383a22766965775f6873675f7072696e636970616c223b693a393b733a31383a226d616e6167655f6873675f70726f64756374223b693a31303b733a31353a226164645f6873675f70726f64756374223b693a31313b733a32313a227375706572656469745f6873675f70726f64756374223b693a31323b733a31363a22656469745f6873675f70726f64756374223b693a31333b733a31383a2264656c6574655f6873675f70726f64756374223b693a31343b733a31363a22766965775f6873675f70726f64756374223b693a31353b733a32313a226d616e6167655f6873675f70726f647563745f696e223b693a31363b733a31383a226164645f6873675f70726f647563745f696e223b693a31373b733a32343a227375706572656469745f6873675f70726f647563745f696e223b693a31383b733a31393a22656469745f6873675f70726f647563745f696e223b693a31393b733a32313a2264656c6574655f6873675f70726f647563745f696e223b693a32303b733a31393a22766965775f6873675f70726f647563745f696e223b693a32313b733a32323a226d616e6167655f6873675f70726f647563745f6f7574223b693a32323b733a31393a226164645f6873675f70726f647563745f6f7574223b693a32333b733a32353a227375706572656469745f6873675f70726f647563745f6f7574223b693a32343b733a32303a22656469745f6873675f70726f647563745f6f7574223b693a32353b733a32323a2264656c6574655f6873675f70726f647563745f6f7574223b693a32363b733a32303a22766965775f6873675f70726f647563745f6f7574223b693a32373b733a32333a227375706572656469745f6973675f7072696e636970616c223b693a32383b733a31383a22656469745f6973675f7072696e636970616c223b693a32393b733a32303a2264656c6574655f6973675f7072696e636970616c223b693a33303b733a32313a227375706572656469745f6973675f70726f64756374223b693a33313b733a31363a22656469745f6973675f70726f64756374223b693a33323b733a31383a2264656c6574655f6973675f70726f64756374223b693a33333b733a32343a227375706572656469745f6973675f70726f647563745f696e223b693a33343b733a31393a22656469745f6973675f70726f647563745f696e223b693a33353b733a32313a2264656c6574655f6973675f70726f647563745f696e223b693a33363b733a32353a227375706572656469745f6973675f70726f647563745f6f7574223b693a33373b733a32303a22656469745f6973675f70726f647563745f6f7574223b693a33383b733a32323a2264656c6574655f6973675f70726f647563745f6f7574223b693a33393b733a31313a226d616e6167655f75736572223b693a34303b733a383a226164645f75736572223b693a34313b733a31343a227375706572656469745f75736572223b693a34323b733a393a22656469745f75736572223b693a34333b733a31313a2264656c6574655f75736572223b693a34343b733a393a22766965775f75736572223b693a34353b733a33353a226d616e6167655f7265706f72742f70726f647563745f6e616d652f747970652f687367223b693a34363b733a32363a226d616e6167655f7265706f72742f70726f647563745f6e616d65223b693a34373b733a33363a226d616e6167655f7265706f72742f73657269616c5f6e756d6265722f747970652f687367223b693a34383b733a32373a226d616e6167655f7265706f72742f73657269616c5f6e756d626572223b693a34393b733a33393a226d616e6167655f7265706f72742f6f62736f6c6574655f70726f647563742f747970652f687367223b693a35303b733a33303a226d616e6167655f7265706f72742f6f62736f6c6574655f70726f64756374223b693a35313b733a32313a226d616e6167655f6261636b75705f726573746f7265223b693a35323b733a31303a226d616e6167655f6c6f67223b7d666f726d5f6261636b7c733a303a22223b5f5f63695f766172737c613a313a7b733a393a22666f726d5f6261636b223b733a333a226e6577223b7d),
('f251807fd8441c596a17f990f0b5fe9736fd4d74', '::1', 1601999555, 0x5f5f63695f6c6173745f726567656e65726174657c693a313630313939393535353b61696e646f5f62657263617c613a373a7b733a323a226964223b733a313a2234223b733a383a22757365726e616d65223b733a353a226465697367223b733a343a22726f6c65223b733a313a2234223b733a393a22726f6c655f6e616d65223b733a31343a224461746120456e74727920495347223b733a31353a22726f6c655f6964656e746966696572223b733a31323a2269736764617461656e747279223b733a383a226c6f636174696f6e223b733a313a2231223b733a393a2276616c696461746564223b623a313b7d61696e646f5f62657263615f6c6f636174696f6e7c613a363a7b733a323a226964223b733a313a2231223b733a343a22636f6465223b733a31333a224c4f4330303030303030303031223b733a343a226e616d65223b733a31303a224c6f636174696f6e2031223b733a373a2261646472657373223b733a32323a22416464726573732031612c2041646472657373203162223b733a353a2270686f6e65223b733a31383a2250686f6e652031612c2050686f6e65203162223b733a31343a226c6f636174696f6e5f67726f7570223b733a313a2230223b7d62616e6e65645f70616765737c613a35333a7b693a303b733a31393a227375706572656469745f77617265686f757365223b693a313b733a31343a22656469745f77617265686f757365223b693a323b733a31363a2264656c6574655f77617265686f757365223b693a333b733a32303a226d616e6167655f6873675f7072696e636970616c223b693a343b733a31373a226164645f6873675f7072696e636970616c223b693a353b733a32333a227375706572656469745f6873675f7072696e636970616c223b693a363b733a31383a22656469745f6873675f7072696e636970616c223b693a373b733a32303a2264656c6574655f6873675f7072696e636970616c223b693a383b733a31383a22766965775f6873675f7072696e636970616c223b693a393b733a31383a226d616e6167655f6873675f70726f64756374223b693a31303b733a31353a226164645f6873675f70726f64756374223b693a31313b733a32313a227375706572656469745f6873675f70726f64756374223b693a31323b733a31363a22656469745f6873675f70726f64756374223b693a31333b733a31383a2264656c6574655f6873675f70726f64756374223b693a31343b733a31363a22766965775f6873675f70726f64756374223b693a31353b733a32313a226d616e6167655f6873675f70726f647563745f696e223b693a31363b733a31383a226164645f6873675f70726f647563745f696e223b693a31373b733a32343a227375706572656469745f6873675f70726f647563745f696e223b693a31383b733a31393a22656469745f6873675f70726f647563745f696e223b693a31393b733a32313a2264656c6574655f6873675f70726f647563745f696e223b693a32303b733a31393a22766965775f6873675f70726f647563745f696e223b693a32313b733a32323a226d616e6167655f6873675f70726f647563745f6f7574223b693a32323b733a31393a226164645f6873675f70726f647563745f6f7574223b693a32333b733a32353a227375706572656469745f6873675f70726f647563745f6f7574223b693a32343b733a32303a22656469745f6873675f70726f647563745f6f7574223b693a32353b733a32323a2264656c6574655f6873675f70726f647563745f6f7574223b693a32363b733a32303a22766965775f6873675f70726f647563745f6f7574223b693a32373b733a32333a227375706572656469745f6973675f7072696e636970616c223b693a32383b733a31383a22656469745f6973675f7072696e636970616c223b693a32393b733a32303a2264656c6574655f6973675f7072696e636970616c223b693a33303b733a32313a227375706572656469745f6973675f70726f64756374223b693a33313b733a31363a22656469745f6973675f70726f64756374223b693a33323b733a31383a2264656c6574655f6973675f70726f64756374223b693a33333b733a32343a227375706572656469745f6973675f70726f647563745f696e223b693a33343b733a31393a22656469745f6973675f70726f647563745f696e223b693a33353b733a32313a2264656c6574655f6973675f70726f647563745f696e223b693a33363b733a32353a227375706572656469745f6973675f70726f647563745f6f7574223b693a33373b733a32303a22656469745f6973675f70726f647563745f6f7574223b693a33383b733a32323a2264656c6574655f6973675f70726f647563745f6f7574223b693a33393b733a31313a226d616e6167655f75736572223b693a34303b733a383a226164645f75736572223b693a34313b733a31343a227375706572656469745f75736572223b693a34323b733a393a22656469745f75736572223b693a34333b733a31313a2264656c6574655f75736572223b693a34343b733a393a22766965775f75736572223b693a34353b733a33353a226d616e6167655f7265706f72742f70726f647563745f6e616d652f747970652f687367223b693a34363b733a32363a226d616e6167655f7265706f72742f70726f647563745f6e616d65223b693a34373b733a33363a226d616e6167655f7265706f72742f73657269616c5f6e756d6265722f747970652f687367223b693a34383b733a32373a226d616e6167655f7265706f72742f73657269616c5f6e756d626572223b693a34393b733a33393a226d616e6167655f7265706f72742f6f62736f6c6574655f70726f647563742f747970652f687367223b693a35303b733a33303a226d616e6167655f7265706f72742f6f62736f6c6574655f70726f64756374223b693a35313b733a32313a226d616e6167655f6261636b75705f726573746f7265223b693a35323b733a31303a226d616e6167655f6c6f67223b7d666f726d5f6261636b7c733a303a22223b5f5f63695f766172737c613a313a7b733a393a22666f726d5f6261636b223b733a333a226e6577223b7d),
('26aab5801110e63d28b957f0499a61e08c328250', '::1', 1602089446, 0x5f5f63695f6c6173745f726567656e65726174657c693a313630323038393434363b);

-- --------------------------------------------------------

--
-- Table structure for table `logs`
--

CREATE TABLE `logs` (
  `id` int(20) NOT NULL,
  `time` datetime NOT NULL,
  `username` varchar(20) NOT NULL,
  `activity` text NOT NULL,
  `system_log_id` int(20) NOT NULL
) ENGINE=InnoDB DEFAULT CHARSET=latin1;

--
-- Dumping data for table `logs`
--

INSERT INTO `logs` (`id`, `time`, `username`, `activity`, `system_log_id`) VALUES
(1, '2020-10-06 16:59:59', 'admin', 'User \'admin\' login  @ 2020-10-06 16:59:59', 1),
(2, '2020-10-06 17:01:16', 'dehsg', 'User \'dehsg\' login  @ 2020-10-06 17:01:16', 2),
(3, '2020-10-06 17:09:51', 'dehsg', 'User \'dehsg\' login  @ 2020-10-06 17:09:51', 3),
(4, '2020-10-06 17:12:47', 'admin', 'User \'admin\' login  @ 2020-10-06 17:12:47', 4),
(5, '2020-10-06 17:13:00', 'dehsg', 'User \'dehsg\' login  @ 2020-10-06 17:13:00', 5),
(6, '2020-10-06 17:16:32', 'dehsg', 'User \'dehsg\' login  @ 2020-10-06 17:16:32', 6),
(7, '2020-10-06 17:24:30', 'admin', 'User \'admin\' login  @ 2020-10-06 17:24:29', 7),
(8, '2020-10-06 17:24:51', 'dehsg', 'User \'dehsg\' login  @ 2020-10-06 17:24:51', 8),
(9, '2020-10-06 17:25:10', 'dehsg', 'User \'dehsg\' login  @ 2020-10-06 17:25:10', 9),
(10, '2020-10-06 17:27:42', 'dehsg', 'User \'dehsg\' login  @ 2020-10-06 17:27:42', 10),
(11, '2020-10-06 17:54:04', 'dehsg', 'User \'dehsg\' login  @ 2020-10-06 17:54:04', 11),
(12, '2020-10-06 18:38:52', 'deisg', 'User \'deisg\' login  @ 2020-10-06 18:38:52', 12),
(13, '2020-10-06 18:40:19', 'deisg', 'User \'deisg\' login  @ 2020-10-06 18:40:19', 13),
(14, '2020-10-06 18:41:33', 'deisg', 'User \'deisg\' login  @ 2020-10-06 18:41:33', 14),
(15, '2020-10-06 18:41:38', 'admin', 'User \'admin\' login  @ 2020-10-06 18:41:38', 15),
(16, '2020-10-06 18:41:44', 'dehsg', 'User \'dehsg\' login  @ 2020-10-06 18:41:44', 16),
(17, '2020-10-06 18:46:11', 'deisg', 'User \'deisg\' login  @ 2020-10-06 18:46:11', 17),
(18, '2020-10-06 20:57:21', 'deisg', 'User \'deisg\' login  @ 2020-10-06 20:57:21', 18),
(19, '2020-10-06 20:58:20', 'deisg', 'User \'deisg\' add Product-In (ISG). \'IPDI0000001\' @ 2020-10-06 20:58:20', 19),
(20, '2020-10-06 20:58:21', 'deisg', 'User \'deisg\' add Product-In (ISG). \'IPDI0000001\' @ 2020-10-06 20:58:20', 20),
(21, '2020-10-06 20:58:21', 'deisg', 'User \'deisg\' add Product-In (ISG). \'IPDI0000001\' @ 2020-10-06 20:58:21', 21),
(22, '2020-10-06 20:58:21', 'deisg', 'User \'deisg\' edit Product (ISG) \'IPDI0000001\' @ 2020-10-06 20:58:21', 22),
(23, '2020-10-06 20:58:21', 'deisg', 'User \'deisg\' add Product-In (ISG) \'IPDI0000001\' @ 2020-10-06 20:58:21', 23),
(24, '2020-10-06 20:58:40', 'deisg', 'User \'deisg\' edit Product-Out (ISG). \'IPDO0000001\' @ 2020-10-06 20:58:40', 24),
(25, '2020-10-06 20:58:40', 'deisg', 'User \'deisg\' edit Product (ISG) \'IPDO0000001\' @ 2020-10-06 20:58:40', 25),
(26, '2020-10-06 20:58:40', 'deisg', 'User \'deisg\' add Product-Out (ISG) \'IPDO0000001\' @ 2020-10-06 20:58:40', 26),
(27, '2020-10-06 21:42:19', 'deisg', 'User \'deisg\' login  @ 2020-10-06 21:42:19', 27),
(28, '2020-10-06 23:13:31', 'admin', 'User \'admin\' login  @ 2020-10-06 23:13:31', 28),
(29, '2020-10-07 10:02:36', 'admin', 'User \'admin\' login  @ 2020-10-07 10:02:36', 29),
(30, '2020-10-07 12:35:32', 'admin', 'User \'admin\' login  @ 2020-10-07 12:35:32', 30),
(31, '2020-10-07 22:22:53', 'admin', 'User \'admin\' login  @ 2020-10-07 22:22:53', 31),
(32, '2020-10-07 22:35:38', 'admin', 'User \'admin\' login  @ 2020-10-07 22:35:38', 32),
(33, '2020-10-07 22:59:12', 'dehsg', 'User \'dehsg\' login  @ 2020-10-07 22:59:12', 33),
(34, '2020-10-07 23:07:50', 'deisg', 'User \'deisg\' login  @ 2020-10-07 23:07:50', 34),
(35, '2020-10-07 23:13:46', 'admin', 'User \'admin\' login  @ 2020-10-07 23:13:46', 35),
(36, '2020-10-07 23:28:40', 'admin', 'User \'admin\' login  @ 2020-10-07 23:28:39', 36),
(37, '2020-10-07 23:43:57', 'report', 'User \'report\' login  @ 2020-10-07 23:43:57', 37);

-- --------------------------------------------------------

--
-- Table structure for table `m_hsg_principals`
--

CREATE TABLE `m_hsg_principals` (
  `id` int(11) NOT NULL,
  `name` varchar(50) NOT NULL DEFAULT '',
  `location` int(11) NOT NULL DEFAULT 1,
  `deleted` tinyint(1) NOT NULL DEFAULT 0,
  `deleted_by` varchar(20) NOT NULL DEFAULT 'system',
  `deleted_date` datetime NOT NULL DEFAULT '0000-00-00 00:00:00',
  `created_by` varchar(20) NOT NULL DEFAULT 'system',
  `created_date` datetime NOT NULL DEFAULT '0000-00-00 00:00:00',
  `modified_by` varchar(20) NOT NULL DEFAULT 'system',
  `modified_date` datetime NOT NULL DEFAULT '0000-00-00 00:00:00'
) ENGINE=InnoDB DEFAULT CHARSET=utf8;

--
-- Dumping data for table `m_hsg_principals`
--

INSERT INTO `m_hsg_principals` (`id`, `name`, `location`, `deleted`, `deleted_by`, `deleted_date`, `created_by`, `created_date`, `modified_by`, `modified_date`) VALUES
(1, 'Philips Ind.commercial', 1, 0, 'system', '0000-00-00 00:00:00', 'system', '0000-00-00 00:00:00', 'system', '0000-00-00 00:00:00'),
(2, 'GCX', 1, 0, 'system', '0000-00-00 00:00:00', 'system', '0000-00-00 00:00:00', 'system', '0000-00-00 00:00:00'),
(3, 'Philips', 1, 0, 'system', '0000-00-00 00:00:00', 'system', '0000-00-00 00:00:00', 'system', '0000-00-00 00:00:00'),
(4, 'Steris', 1, 0, 'system', '0000-00-00 00:00:00', 'system', '0000-00-00 00:00:00', 'system', '0000-00-00 00:00:00');

-- --------------------------------------------------------

--
-- Table structure for table `m_hsg_products`
--

CREATE TABLE `m_hsg_products` (
  `id` int(11) NOT NULL,
  `location` int(11) NOT NULL DEFAULT 1,
  `hsg_principal` int(11) NOT NULL DEFAULT 0,
  `name` varchar(255) NOT NULL DEFAULT '',
  `product_number` varchar(50) NOT NULL DEFAULT '',
  `quantity` int(11) NOT NULL DEFAULT 0,
  `notes` varchar(255) NOT NULL DEFAULT '',
  `deleted` tinyint(1) NOT NULL DEFAULT 0,
  `deleted_by` varchar(20) NOT NULL DEFAULT 'system',
  `deleted_date` datetime NOT NULL DEFAULT '0000-00-00 00:00:00',
  `created_by` varchar(20) NOT NULL DEFAULT 'system',
  `created_date` datetime NOT NULL DEFAULT '0000-00-00 00:00:00',
  `modified_by` varchar(20) NOT NULL DEFAULT 'system',
  `modified_date` datetime NOT NULL DEFAULT '0000-00-00 00:00:00'
) ENGINE=InnoDB DEFAULT CHARSET=utf8;

--
-- Dumping data for table `m_hsg_products`
--

INSERT INTO `m_hsg_products` (`id`, `location`, `hsg_principal`, `name`, `product_number`, `quantity`, `notes`, `deleted`, `deleted_by`, `deleted_date`, `created_by`, `created_date`, `modified_by`, `modified_date`) VALUES
(1, 1, 1, 'Central CMS200 (16beds) - 863352', '863352', 2, '', 0, 'system', '0000-00-00 00:00:00', 'system', '0000-00-00 00:00:00', 'admin', '2020-10-06 14:52:14'),
(2, 1, 1, 'Central PIIC IX 16 beds with caregiver - 866389', '866389', 1, '', 0, 'system', '0000-00-00 00:00:00', 'system', '0000-00-00 00:00:00', 'system', '0000-00-00 00:00:00'),
(3, 1, 1, 'Central PIIC IX 16 beds ecat- 866389', '866389', 1, '', 0, 'system', '0000-00-00 00:00:00', 'system', '0000-00-00 00:00:00', 'system', '0000-00-00 00:00:00'),
(4, 1, 3, 'Lumify S4-1 Bundle (Sector) - FUS6884', 'FUS6884', 4, '', 0, 'system', '0000-00-00 00:00:00', 'system', '0000-00-00 00:00:00', 'system', '0000-00-00 00:00:00'),
(5, 1, 4, 'CMAX T2L Table Configuration - CMAXT2L413W', 'CMAXT2L413W', 1, '', 0, 'system', '0000-00-00 00:00:00', 'system', '0000-00-00 00:00:00', 'system', '0000-00-00 00:00:00'),
(6, 1, 4, 'CMAX Table with Accessories - CMAXS2L413W', 'CMAXS2L413W', 1, '', 0, 'system', '0000-00-00 00:00:00', 'system', '0000-00-00 00:00:00', 'system', '0000-00-00 00:00:00');

-- --------------------------------------------------------

--
-- Table structure for table `m_isg_principals`
--

CREATE TABLE `m_isg_principals` (
  `id` int(11) NOT NULL,
  `name` varchar(50) NOT NULL DEFAULT '',
  `location` int(11) NOT NULL DEFAULT 1,
  `deleted` tinyint(1) NOT NULL DEFAULT 0,
  `deleted_by` varchar(20) NOT NULL DEFAULT 'system',
  `deleted_date` datetime NOT NULL DEFAULT '0000-00-00 00:00:00',
  `created_by` varchar(20) NOT NULL DEFAULT 'system',
  `created_date` datetime NOT NULL DEFAULT '0000-00-00 00:00:00',
  `modified_by` varchar(20) NOT NULL DEFAULT 'system',
  `modified_date` datetime NOT NULL DEFAULT '0000-00-00 00:00:00'
) ENGINE=InnoDB DEFAULT CHARSET=utf8;

--
-- Dumping data for table `m_isg_principals`
--

INSERT INTO `m_isg_principals` (`id`, `name`, `location`, `deleted`, `deleted_by`, `deleted_date`, `created_by`, `created_date`, `modified_by`, `modified_date`) VALUES
(1, 'AGILENT TECHNOLOGIES', 1, 0, 'system', '0000-00-00 00:00:00', 'admin', '2020-10-06 14:03:02', 'admin', '2020-10-06 14:03:02');

-- --------------------------------------------------------

--
-- Table structure for table `m_isg_products`
--

CREATE TABLE `m_isg_products` (
  `id` int(11) NOT NULL,
  `location` int(11) NOT NULL DEFAULT 1,
  `isg_principal` int(11) NOT NULL DEFAULT 0,
  `name` varchar(255) NOT NULL DEFAULT '',
  `product_number` varchar(50) NOT NULL DEFAULT '',
  `quantity` int(11) NOT NULL DEFAULT 0,
  `notes` varchar(255) NOT NULL DEFAULT '',
  `deleted` tinyint(1) NOT NULL DEFAULT 0,
  `deleted_by` varchar(20) NOT NULL DEFAULT 'system',
  `deleted_date` datetime NOT NULL DEFAULT '0000-00-00 00:00:00',
  `created_by` varchar(20) NOT NULL DEFAULT 'system',
  `created_date` datetime NOT NULL DEFAULT '0000-00-00 00:00:00',
  `modified_by` varchar(20) NOT NULL DEFAULT 'system',
  `modified_date` datetime NOT NULL DEFAULT '0000-00-00 00:00:00'
) ENGINE=InnoDB DEFAULT CHARSET=utf8;

--
-- Dumping data for table `m_isg_products`
--

INSERT INTO `m_isg_products` (`id`, `location`, `isg_principal`, `name`, `product_number`, `quantity`, `notes`, `deleted`, `deleted_by`, `deleted_date`, `created_by`, `created_date`, `modified_by`, `modified_date`) VALUES
(1, 1, 1, '58 Vial,screw,2ml,clr,cert,100PK', '5182-0714', 0, '', 0, 'system', '0000-00-00 00:00:00', 'admin', '2020-10-06 14:04:29', 'admin', '2020-10-06 14:04:29'),
(2, 1, 1, '58 Blue screw caps 100/PK', '5182-0717', 0, '', 0, 'system', '0000-00-00 00:00:00', 'admin', '2020-10-06 14:08:06', 'admin', '2020-10-06 14:08:06'),
(3, 1, 1, '58 Liner O-Ring, Non-Stick 10PK', '5188-5365', 2, '', 0, 'system', '0000-00-00 00:00:00', 'admin', '2020-10-06 14:13:36', 'deisg', '2020-10-06 20:58:40');

-- --------------------------------------------------------

--
-- Table structure for table `m_warehouses`
--

CREATE TABLE `m_warehouses` (
  `id` int(11) NOT NULL,
  `name` varchar(20) NOT NULL DEFAULT '',
  `location` int(11) NOT NULL DEFAULT 1,
  `deleted` tinyint(1) NOT NULL DEFAULT 0,
  `deleted_by` varchar(20) NOT NULL DEFAULT 'system',
  `deleted_date` datetime NOT NULL DEFAULT '0000-00-00 00:00:00',
  `created_by` varchar(20) NOT NULL DEFAULT 'system',
  `created_date` datetime NOT NULL DEFAULT '0000-00-00 00:00:00',
  `modified_by` varchar(20) NOT NULL DEFAULT 'system',
  `modified_date` datetime NOT NULL DEFAULT '0000-00-00 00:00:00'
) ENGINE=InnoDB DEFAULT CHARSET=utf8;

--
-- Dumping data for table `m_warehouses`
--

INSERT INTO `m_warehouses` (`id`, `name`, `location`, `deleted`, `deleted_by`, `deleted_date`, `created_by`, `created_date`, `modified_by`, `modified_date`) VALUES
(1, '021-DM', 1, 0, 'system', '0000-00-00 00:00:00', 'system', '0000-00-00 00:00:00', 'system', '0000-00-00 00:00:00'),
(2, '021-AM62', 1, 0, 'system', '0000-00-00 00:00:00', 'admin', '2020-10-06 14:20:30', 'admin', '2020-10-06 14:20:30'),
(3, '031-KT24', 1, 0, 'system', '0000-00-00 00:00:00', 'admin', '2020-10-06 14:56:17', 'admin', '2020-10-06 14:56:17'),
(4, '031-TGS2H', 1, 0, 'system', '0000-00-00 00:00:00', 'admin', '2020-10-06 14:56:45', 'admin', '2020-10-06 14:56:45');

-- --------------------------------------------------------

--
-- Table structure for table `system_logs`
--

CREATE TABLE `system_logs` (
  `id` int(20) NOT NULL,
  `time` datetime NOT NULL,
  `username` varchar(20) NOT NULL,
  `activity` text NOT NULL
) ENGINE=InnoDB DEFAULT CHARSET=latin1;

--
-- Dumping data for table `system_logs`
--

INSERT INTO `system_logs` (`id`, `time`, `username`, `activity`) VALUES
(1, '2020-10-06 16:59:59', 'admin', 'UPDATE `s_users` SET `last_login_date` = \'2020-10-06 16:59:59\', `modified_by` = \'admin\', `modified_date` = \'2020-10-06 16:59:59\'\nWHERE `id` = \'1\''),
(2, '2020-10-06 17:01:16', 'dehsg', 'UPDATE `s_users` SET `last_login_date` = \'2020-10-06 17:01:16\', `modified_by` = \'dehsg\', `modified_date` = \'2020-10-06 17:01:16\'\nWHERE `id` = \'3\''),
(3, '2020-10-06 17:09:51', 'dehsg', 'UPDATE `s_users` SET `last_login_date` = \'2020-10-06 17:09:51\', `modified_by` = \'dehsg\', `modified_date` = \'2020-10-06 17:09:51\'\nWHERE `id` = \'3\''),
(4, '2020-10-06 17:12:47', 'admin', 'UPDATE `s_users` SET `last_login_date` = \'2020-10-06 17:12:47\', `modified_by` = \'admin\', `modified_date` = \'2020-10-06 17:12:47\'\nWHERE `id` = \'1\''),
(5, '2020-10-06 17:13:00', 'dehsg', 'UPDATE `s_users` SET `last_login_date` = \'2020-10-06 17:13:00\', `modified_by` = \'dehsg\', `modified_date` = \'2020-10-06 17:13:00\'\nWHERE `id` = \'3\''),
(6, '2020-10-06 17:16:32', 'dehsg', 'UPDATE `s_users` SET `last_login_date` = \'2020-10-06 17:16:32\', `modified_by` = \'dehsg\', `modified_date` = \'2020-10-06 17:16:32\'\nWHERE `id` = \'3\''),
(7, '2020-10-06 17:24:30', 'admin', 'UPDATE `s_users` SET `last_login_date` = \'2020-10-06 17:24:29\', `modified_by` = \'admin\', `modified_date` = \'2020-10-06 17:24:29\'\nWHERE `id` = \'1\''),
(8, '2020-10-06 17:24:51', 'dehsg', 'UPDATE `s_users` SET `last_login_date` = \'2020-10-06 17:24:51\', `modified_by` = \'dehsg\', `modified_date` = \'2020-10-06 17:24:51\'\nWHERE `id` = \'3\''),
(9, '2020-10-06 17:25:10', 'dehsg', 'UPDATE `s_users` SET `last_login_date` = \'2020-10-06 17:25:10\', `modified_by` = \'dehsg\', `modified_date` = \'2020-10-06 17:25:10\'\nWHERE `id` = \'3\''),
(10, '2020-10-06 17:27:42', 'dehsg', 'UPDATE `s_users` SET `last_login_date` = \'2020-10-06 17:27:42\', `modified_by` = \'dehsg\', `modified_date` = \'2020-10-06 17:27:42\'\nWHERE `id` = \'3\''),
(11, '2020-10-06 17:54:04', 'dehsg', 'UPDATE `s_users` SET `last_login_date` = \'2020-10-06 17:54:04\', `modified_by` = \'dehsg\', `modified_date` = \'2020-10-06 17:54:04\'\nWHERE `id` = \'3\''),
(12, '2020-10-06 18:38:52', 'deisg', 'UPDATE `s_users` SET `last_login_date` = \'2020-10-06 18:38:52\', `modified_by` = \'deisg\', `modified_date` = \'2020-10-06 18:38:52\'\nWHERE `id` = \'4\''),
(13, '2020-10-06 18:40:19', 'deisg', 'UPDATE `s_users` SET `last_login_date` = \'2020-10-06 18:40:19\', `modified_by` = \'deisg\', `modified_date` = \'2020-10-06 18:40:19\'\nWHERE `id` = \'4\''),
(14, '2020-10-06 18:41:33', 'deisg', 'UPDATE `s_users` SET `last_login_date` = \'2020-10-06 18:41:33\', `modified_by` = \'deisg\', `modified_date` = \'2020-10-06 18:41:33\'\nWHERE `id` = \'4\''),
(15, '2020-10-06 18:41:38', 'admin', 'UPDATE `s_users` SET `last_login_date` = \'2020-10-06 18:41:38\', `modified_by` = \'admin\', `modified_date` = \'2020-10-06 18:41:38\'\nWHERE `id` = \'1\''),
(16, '2020-10-06 18:41:44', 'dehsg', 'UPDATE `s_users` SET `last_login_date` = \'2020-10-06 18:41:44\', `modified_by` = \'dehsg\', `modified_date` = \'2020-10-06 18:41:44\'\nWHERE `id` = \'3\''),
(17, '2020-10-06 18:46:11', 'deisg', 'UPDATE `s_users` SET `last_login_date` = \'2020-10-06 18:46:11\', `modified_by` = \'deisg\', `modified_date` = \'2020-10-06 18:46:11\'\nWHERE `id` = \'4\''),
(18, '2020-10-06 20:57:21', 'deisg', 'UPDATE `s_users` SET `last_login_date` = \'2020-10-06 20:57:21\', `modified_by` = \'deisg\', `modified_date` = \'2020-10-06 20:57:21\'\nWHERE `id` = \'4\''),
(19, '2020-10-06 20:58:20', 'deisg', 'INSERT INTO `t_isg_product_items` (`location`, `isg_product_in`, `isg_product_in_by`, `isg_product_in_date`, `selected_isg_product_in`, `warehouse`, `serial_number`, `warranty_expiration_date`, `created_by`, `created_date`, `modified_by`, `modified_date`) VALUES (\'1\', \'1\', \'deisg\', \'2020-10-06 20:58:20\', \'3\', \'2\', \'5188-5365-1\', \'2020-10-06\', \'deisg\', \'2020-10-06 20:58:20\', \'deisg\', \'2020-10-06 20:58:20\')'),
(20, '2020-10-06 20:58:21', 'deisg', 'INSERT INTO `t_isg_product_items` (`location`, `isg_product_in`, `isg_product_in_by`, `isg_product_in_date`, `selected_isg_product_in`, `warehouse`, `serial_number`, `warranty_expiration_date`, `created_by`, `created_date`, `modified_by`, `modified_date`) VALUES (\'1\', \'1\', \'deisg\', \'2020-10-06 20:58:20\', \'3\', \'2\', \'5188-5365-2\', \'2020-10-07\', \'deisg\', \'2020-10-06 20:58:20\', \'deisg\', \'2020-10-06 20:58:20\')'),
(21, '2020-10-06 20:58:21', 'deisg', 'INSERT INTO `t_isg_product_items` (`location`, `isg_product_in`, `isg_product_in_by`, `isg_product_in_date`, `selected_isg_product_in`, `warehouse`, `serial_number`, `warranty_expiration_date`, `created_by`, `created_date`, `modified_by`, `modified_date`) VALUES (\'1\', \'1\', \'deisg\', \'2020-10-06 20:58:21\', \'3\', \'2\', \'5188-5365-3\', \'2020-10-08\', \'deisg\', \'2020-10-06 20:58:21\', \'deisg\', \'2020-10-06 20:58:21\')'),
(22, '2020-10-06 20:58:21', 'deisg', 'UPDATE `m_isg_products` SET `quantity` = 3, `modified_by` = \'deisg\', `modified_date` = \'2020-10-06 20:58:21\'\nWHERE `id` = \'3\''),
(23, '2020-10-06 20:58:21', 'deisg', 'INSERT INTO `t_isg_product_ins` (`code`, `location`, `isg_product`, `lpb_date`, `lpb_code`, `date`, `fast_code`, `purchase_order_number`, `quantity`, `created_by`, `created_date`, `modified_by`, `modified_date`) VALUES (\'IPDI0000001\', \'1\', \'3\', \'2020-10-01\', \'LPB-5188-5365\', \'2020-10-06\', \'FC-5188-5365\', \'PO-5188-5365\', 3, \'deisg\', \'2020-10-06 20:58:21\', \'deisg\', \'2020-10-06 20:58:21\')'),
(24, '2020-10-06 20:58:40', 'deisg', 'UPDATE `t_isg_product_items` SET `location` = \'1\', `isg_product_out` = \'1\', `isg_product_out_by` = \'deisg\', `isg_product_out_date` = \'2020-10-06 20:58:40\', `selected_isg_product_out` = \'3\', `modified_by` = \'deisg\', `modified_date` = \'2020-10-06 20:58:40\'\nWHERE `id` = \'2\''),
(25, '2020-10-06 20:58:40', 'deisg', 'UPDATE `m_isg_products` SET `quantity` = 2, `modified_by` = \'deisg\', `modified_date` = \'2020-10-06 20:58:40\'\nWHERE `id` = \'3\''),
(26, '2020-10-06 20:58:40', 'deisg', 'INSERT INTO `t_isg_product_outs` (`code`, `location`, `date`, `isg_product`, `fast_code`, `sales_order_number`, `quantity`, `created_by`, `created_date`, `modified_by`, `modified_date`) VALUES (\'IPDO0000001\', \'1\', \'2020-10-06\', \'3\', \'FC-5188-5365\', \'SO-5188-5365\', 1, \'deisg\', \'2020-10-06 20:58:40\', \'deisg\', \'2020-10-06 20:58:40\')'),
(27, '2020-10-06 21:42:19', 'deisg', 'UPDATE `s_users` SET `last_login_date` = \'2020-10-06 21:42:19\', `modified_by` = \'deisg\', `modified_date` = \'2020-10-06 21:42:19\'\nWHERE `id` = \'4\''),
(28, '2020-10-06 23:13:31', 'admin', 'UPDATE `s_users` SET `last_login_date` = \'2020-10-06 23:13:31\', `modified_by` = \'admin\', `modified_date` = \'2020-10-06 23:13:31\'\nWHERE `id` = \'1\''),
(29, '2020-10-07 10:02:36', 'admin', 'UPDATE `s_users` SET `last_login_date` = \'2020-10-07 10:02:36\', `modified_by` = \'admin\', `modified_date` = \'2020-10-07 10:02:36\'\nWHERE `id` = \'1\''),
(30, '2020-10-07 12:35:32', 'admin', 'UPDATE `s_users` SET `last_login_date` = \'2020-10-07 12:35:32\', `modified_by` = \'admin\', `modified_date` = \'2020-10-07 12:35:32\'\nWHERE `id` = \'1\''),
(31, '2020-10-07 22:22:53', 'admin', 'UPDATE `s_users` SET `last_login_date` = \'2020-10-07 22:22:53\', `modified_by` = \'admin\', `modified_date` = \'2020-10-07 22:22:53\'\nWHERE `id` = \'1\''),
(32, '2020-10-07 22:35:38', 'admin', 'UPDATE `s_users` SET `last_login_date` = \'2020-10-07 22:35:38\', `modified_by` = \'admin\', `modified_date` = \'2020-10-07 22:35:38\'\nWHERE `id` = \'1\''),
(33, '2020-10-07 22:59:12', 'dehsg', 'UPDATE `s_users` SET `last_login_date` = \'2020-10-07 22:59:12\', `modified_by` = \'dehsg\', `modified_date` = \'2020-10-07 22:59:12\'\nWHERE `id` = \'3\''),
(34, '2020-10-07 23:07:50', 'deisg', 'UPDATE `s_users` SET `last_login_date` = \'2020-10-07 23:07:50\', `modified_by` = \'deisg\', `modified_date` = \'2020-10-07 23:07:50\'\nWHERE `id` = \'4\''),
(35, '2020-10-07 23:13:46', 'admin', 'UPDATE `s_users` SET `last_login_date` = \'2020-10-07 23:13:46\', `modified_by` = \'admin\', `modified_date` = \'2020-10-07 23:13:46\'\nWHERE `id` = \'1\''),
(36, '2020-10-07 23:28:40', 'admin', 'UPDATE `s_users` SET `last_login_date` = \'2020-10-07 23:28:39\', `modified_by` = \'admin\', `modified_date` = \'2020-10-07 23:28:39\'\nWHERE `id` = \'1\''),
(37, '2020-10-07 23:43:57', 'report', 'UPDATE `s_users` SET `last_login_date` = \'2020-10-07 23:43:57\', `modified_by` = \'report\', `modified_date` = \'2020-10-07 23:43:57\'\nWHERE `id` = \'5\'');

-- --------------------------------------------------------

--
-- Table structure for table `s_field_requirements`
--

CREATE TABLE `s_field_requirements` (
  `id` int(11) NOT NULL,
  `name` varchar(50) NOT NULL,
  `module` varchar(30) NOT NULL,
  `required` tinyint(1) NOT NULL DEFAULT 0,
  `min_length` int(5) NOT NULL,
  `max_length` int(5) NOT NULL,
  `superedit` tinyint(1) NOT NULL,
  `type` tinyint(1) NOT NULL COMMENT '1:field, 2:combobox, 3:textarea, 4:image, 5:radio, 6:checkbox',
  `deleted` tinyint(1) NOT NULL DEFAULT 0,
  `deleted_date` datetime NOT NULL,
  `created_by` varchar(20) NOT NULL,
  `created_date` datetime NOT NULL,
  `modified_by` varchar(20) NOT NULL,
  `modified_date` datetime NOT NULL
) ENGINE=InnoDB DEFAULT CHARSET=utf8;

-- --------------------------------------------------------

--
-- Table structure for table `s_locations`
--

CREATE TABLE `s_locations` (
  `id` int(11) NOT NULL,
  `location_group` tinyint(2) NOT NULL,
  `code` varchar(20) NOT NULL,
  `name` varchar(100) NOT NULL,
  `address` varchar(255) NOT NULL,
  `phone` varchar(255) NOT NULL,
  `notes` text NOT NULL,
  `deleted` tinyint(1) NOT NULL DEFAULT 0,
  `deleted_by` varchar(50) NOT NULL,
  `deleted_date` datetime NOT NULL,
  `created_by` varchar(20) NOT NULL,
  `created_date` datetime NOT NULL,
  `modified_by` varchar(20) NOT NULL,
  `modified_date` datetime NOT NULL
) ENGINE=InnoDB DEFAULT CHARSET=utf8;

--
-- Dumping data for table `s_locations`
--

INSERT INTO `s_locations` (`id`, `location_group`, `code`, `name`, `address`, `phone`, `notes`, `deleted`, `deleted_by`, `deleted_date`, `created_by`, `created_date`, `modified_by`, `modified_date`) VALUES
(0, 0, 'LOC0000000000', 'Location Global', 'Address, Address', 'Phone, Phone', 'no notes', 0, '', '0000-00-00 00:00:00', 'admin', '2017-01-01 00:00:00', 'admin', '2017-01-01 00:00:00'),
(1, 0, 'LOC0000000001', 'Location 1', 'Address 1a, Address 1b', 'Phone 1a, Phone 1b', 'no notes', 0, '', '0000-00-00 00:00:00', 'admin', '2017-01-01 00:00:00', 'admin', '2017-01-01 00:00:00'),
(2, 0, 'LOC0000000001', 'Location 2', 'Address 2a, Address 2b', 'Phone 2a, Phone 2b', 'no notes', 0, '', '0000-00-00 00:00:00', 'admin', '2017-01-01 00:00:00', 'admin', '2017-01-01 00:00:00'),
(3, 0, 'LOC0000000001', 'Location 3', 'Address 3a, Address 3b', 'Phone 3a, Phone 3b', 'no notes', 0, '', '0000-00-00 00:00:00', 'admin', '2017-01-01 00:00:00', 'admin', '2017-01-01 00:00:00');

-- --------------------------------------------------------

--
-- Table structure for table `s_permissions`
--

CREATE TABLE `s_permissions` (
  `id` int(11) NOT NULL,
  `banned_page_name` varchar(50) NOT NULL,
  `superadmin` tinyint(1) NOT NULL DEFAULT 0,
  `manager` tinyint(1) NOT NULL DEFAULT 0,
  `hsgdataentry` tinyint(1) NOT NULL DEFAULT 1,
  `isgdataentry` tinyint(1) NOT NULL DEFAULT 1,
  `report` tinyint(1) NOT NULL DEFAULT 1
) ENGINE=InnoDB DEFAULT CHARSET=latin1;

--
-- Dumping data for table `s_permissions`
--

INSERT INTO `s_permissions` (`id`, `banned_page_name`, `superadmin`, `manager`, `hsgdataentry`, `isgdataentry`, `report`) VALUES
(1, 'manage_warehouse', 0, 0, 0, 0, 1),
(2, 'add_warehouse', 0, 0, 0, 0, 1),
(3, 'superedit_warehouse', 0, 0, 1, 1, 1),
(4, 'edit_warehouse', 0, 0, 1, 1, 1),
(5, 'delete_warehouse', 0, 0, 1, 1, 1),
(6, 'view_warehouse', 0, 0, 0, 0, 1),
(7, 'manage_hsg_principal', 0, 0, 0, 1, 1),
(8, 'add_hsg_principal', 0, 0, 0, 1, 1),
(9, 'superedit_hsg_principal', 0, 0, 1, 1, 1),
(10, 'edit_hsg_principal', 0, 0, 1, 1, 1),
(11, 'delete_hsg_principal', 0, 0, 1, 1, 1),
(12, 'view_hsg_principal', 0, 0, 1, 1, 1),
(13, 'manage_hsg_product', 0, 0, 0, 1, 1),
(14, 'add_hsg_product', 0, 0, 0, 1, 1),
(15, 'superedit_hsg_product', 0, 0, 1, 1, 1),
(16, 'edit_hsg_product', 0, 0, 1, 1, 1),
(17, 'delete_hsg_product', 0, 0, 1, 1, 1),
(18, 'view_hsg_product', 0, 0, 0, 1, 1),
(19, 'manage_hsg_product_in', 0, 0, 0, 1, 1),
(20, 'add_hsg_product_in', 0, 0, 0, 1, 1),
(21, 'superedit_hsg_product_in', 0, 0, 1, 1, 1),
(22, 'edit_hsg_product_in', 0, 0, 1, 1, 1),
(23, 'delete_hsg_product_in', 0, 0, 1, 1, 1),
(24, 'view_hsg_product_in', 0, 0, 0, 1, 1),
(25, 'manage_hsg_product_out', 0, 0, 0, 1, 1),
(26, 'add_hsg_product_out', 0, 0, 0, 1, 1),
(27, 'superedit_hsg_product_out', 0, 0, 1, 1, 1),
(28, 'edit_hsg_product_out', 0, 0, 1, 1, 1),
(29, 'delete_hsg_product_out', 0, 0, 1, 1, 1),
(30, 'view_hsg_product_out', 0, 0, 0, 1, 1),
(31, 'manage_isg_principal', 0, 0, 1, 0, 1),
(32, 'add_isg_principal', 0, 0, 1, 0, 1),
(33, 'superedit_isg_principal', 0, 0, 1, 1, 1),
(34, 'edit_isg_principal', 0, 0, 1, 1, 1),
(35, 'delete_isg_principal', 0, 0, 1, 1, 1),
(36, 'view_isg_principal', 0, 0, 1, 0, 1),
(37, 'manage_isg_product', 0, 0, 1, 0, 1),
(38, 'add_isg_product', 0, 0, 1, 0, 1),
(39, 'superedit_isg_product', 0, 0, 1, 1, 1),
(40, 'edit_isg_product', 0, 0, 1, 1, 1),
(41, 'delete_isg_product', 0, 0, 1, 1, 1),
(42, 'view_isg_product', 0, 0, 1, 0, 1),
(43, 'manage_isg_product_in', 0, 0, 1, 0, 1),
(44, 'add_isg_product_in', 0, 0, 1, 0, 1),
(45, 'superedit_isg_product_in', 0, 0, 1, 1, 1),
(46, 'edit_isg_product_in', 0, 0, 1, 1, 1),
(47, 'delete_isg_product_in', 0, 0, 1, 1, 1),
(48, 'view_isg_product_in', 0, 0, 1, 0, 1),
(49, 'manage_isg_product_out', 0, 0, 1, 0, 1),
(50, 'add_isg_product_out', 0, 0, 1, 0, 1),
(51, 'superedit_isg_product_out', 0, 0, 1, 1, 1),
(52, 'edit_isg_product_out', 0, 0, 1, 1, 1),
(53, 'delete_isg_product_out', 0, 0, 1, 1, 1),
(54, 'view_isg_product_out', 0, 0, 1, 0, 1),
(55, 'manage_user', 0, 0, 1, 1, 1),
(56, 'add_user', 0, 0, 1, 1, 1),
(57, 'superedit_user', 0, 0, 1, 1, 1),
(58, 'edit_user', 0, 0, 1, 1, 1),
(59, 'delete_user', 0, 0, 1, 1, 1),
(60, 'view_user', 0, 0, 1, 1, 1),
(61, 'manage_report/product_name/type/hsg', 0, 0, 0, 1, 0),
(62, 'manage_report/product_name/type/isg', 0, 0, 1, 0, 0),
(63, 'manage_report/product_name', 0, 0, 1, 1, 0),
(64, 'manage_report/serial_number/type/hsg', 0, 0, 0, 1, 0),
(65, 'manage_report/serial_number/type/isg', 0, 0, 1, 0, 0),
(66, 'manage_report/serial_number', 0, 0, 1, 1, 0),
(67, 'manage_report/obsolete_product/type/hsg', 0, 0, 0, 1, 0),
(68, 'manage_report/obsolete_product/type/isg', 0, 0, 1, 0, 0),
(69, 'manage_report/obsolete_product', 0, 0, 1, 1, 0),
(70, 'manage_backup_restore', 0, 1, 1, 1, 1),
(71, 'manage_log', 0, 1, 1, 1, 1);

-- --------------------------------------------------------

--
-- Table structure for table `s_roles`
--

CREATE TABLE `s_roles` (
  `id` int(11) NOT NULL,
  `name` varchar(50) NOT NULL,
  `identifier` varchar(20) NOT NULL,
  `deleted` tinyint(1) NOT NULL DEFAULT 0,
  `deleted_by` varchar(20) NOT NULL,
  `deleted_date` datetime NOT NULL,
  `created_by` varchar(20) NOT NULL,
  `created_date` datetime NOT NULL,
  `modified_by` varchar(20) NOT NULL,
  `modified_date` datetime NOT NULL
) ENGINE=InnoDB DEFAULT CHARSET=utf8;

--
-- Dumping data for table `s_roles`
--

INSERT INTO `s_roles` (`id`, `name`, `identifier`, `deleted`, `deleted_by`, `deleted_date`, `created_by`, `created_date`, `modified_by`, `modified_date`) VALUES
(1, 'Super Administrator', 'superadmin', 0, '', '0000-00-00 00:00:00', 'system', '2014-01-01 00:00:00', 'system', '2014-01-01 00:00:00'),
(2, 'Manager', 'manager', 0, '', '0000-00-00 00:00:00', 'system', '2014-01-01 00:00:00', 'admin', '2014-01-01 00:00:00'),
(3, 'Data Entry HSG', 'hsgdataentry', 0, '', '0000-00-00 00:00:00', 'system', '2014-01-01 00:00:00', 'admin', '2014-01-01 00:00:00'),
(4, 'Data Entry ISG', 'isgdataentry', 0, '', '0000-00-00 00:00:00', 'system', '2014-01-01 00:00:00', 'admin', '2014-01-01 00:00:00'),
(5, 'Report', 'report', 0, '', '0000-00-00 00:00:00', 'system', '2014-01-01 00:00:00', 'admin', '2014-01-01 00:00:00');

-- --------------------------------------------------------

--
-- Table structure for table `s_settings`
--

CREATE TABLE `s_settings` (
  `id` int(11) NOT NULL,
  `name` varchar(50) NOT NULL,
  `value` text NOT NULL
) ENGINE=MyISAM DEFAULT CHARSET=latin1;

--
-- Dumping data for table `s_settings`
--

INSERT INTO `s_settings` (`id`, `name`, `value`) VALUES
(1, 'maintenance_mode', '0'),
(2, 'lpb_date_warning_low', '2'),
(3, 'lpb_date_warning_medium', '3'),
(4, 'lpb_date_warning_high', '5'),
(5, 'warranty_expiration_date_warning_low', '1'),
(6, 'warranty_expiration_date_warning_medium', '3'),
(7, 'warranty_expiration_date_warning_high', '5');

-- --------------------------------------------------------

--
-- Table structure for table `s_users`
--

CREATE TABLE `s_users` (
  `id` int(11) NOT NULL,
  `location` int(11) NOT NULL DEFAULT 1,
  `username` varchar(50) NOT NULL,
  `password` varchar(100) NOT NULL,
  `role` int(11) NOT NULL DEFAULT 0,
  `last_login_date` datetime NOT NULL DEFAULT '0000-00-00 00:00:00',
  `status` varchar(20) NOT NULL DEFAULT 'status_pending' COMMENT 'status_pending, status_active, status_inactive',
  `deleted` tinyint(1) NOT NULL DEFAULT 0,
  `deleted_by` varchar(20) NOT NULL DEFAULT 'system',
  `deleted_date` datetime NOT NULL DEFAULT '0000-00-00 00:00:00',
  `created_by` varchar(20) NOT NULL DEFAULT 'system',
  `created_date` datetime NOT NULL DEFAULT '0000-00-00 00:00:00',
  `modified_by` varchar(20) NOT NULL DEFAULT 'system',
  `modified_date` datetime NOT NULL DEFAULT '0000-00-00 00:00:00'
) ENGINE=InnoDB DEFAULT CHARSET=utf8;

--
-- Dumping data for table `s_users`
--

INSERT INTO `s_users` (`id`, `location`, `username`, `password`, `role`, `last_login_date`, `status`, `deleted`, `deleted_by`, `deleted_date`, `created_by`, `created_date`, `modified_by`, `modified_date`) VALUES
(1, 1, 'admin', '21232f297a57a5a743894a0e4a801fc3', 1, '2020-10-07 23:28:39', 'status_active', 0, '', '0000-00-00 00:00:00', 'system', '2017-01-01 00:00:00', 'admin', '2020-10-07 23:28:39'),
(2, 1, 'manager', '21232f297a57a5a743894a0e4a801fc3', 2, '0000-00-00 00:00:00', 'status_active', 0, '', '0000-00-00 00:00:00', 'system', '2017-01-01 00:00:00', 'system', '2017-01-01 00:00:00'),
(3, 1, 'dehsg', '21232f297a57a5a743894a0e4a801fc3', 3, '2020-10-07 22:59:12', 'status_active', 0, '', '0000-00-00 00:00:00', 'system', '2017-01-01 00:00:00', 'dehsg', '2020-10-07 22:59:12'),
(4, 1, 'deisg', '21232f297a57a5a743894a0e4a801fc3', 4, '2020-10-07 23:07:50', 'status_active', 0, '', '0000-00-00 00:00:00', 'system', '2017-01-01 00:00:00', 'deisg', '2020-10-07 23:07:50'),
(5, 1, 'report', '21232f297a57a5a743894a0e4a801fc3', 5, '2020-10-07 23:43:57', 'status_active', 0, '', '0000-00-00 00:00:00', 'system', '2017-01-01 00:00:00', 'report', '2020-10-07 23:43:57');

-- --------------------------------------------------------

--
-- Table structure for table `s_user_details`
--

CREATE TABLE `s_user_details` (
  `id` int(11) NOT NULL,
  `location` int(11) NOT NULL DEFAULT 1,
  `code` varchar(50) NOT NULL,
  `user` int(11) NOT NULL DEFAULT 0,
  `name` varchar(50) NOT NULL,
  `address` varchar(255) NOT NULL,
  `phone` varchar(255) NOT NULL,
  `email` varchar(255) NOT NULL,
  `notes` text NOT NULL,
  `birthdate` date NOT NULL,
  `photo` varchar(20) NOT NULL,
  `deleted` tinyint(1) NOT NULL DEFAULT 0,
  `deleted_by` varchar(20) NOT NULL,
  `deleted_date` datetime NOT NULL,
  `created_by` varchar(20) NOT NULL,
  `created_date` datetime NOT NULL,
  `modified_by` varchar(20) NOT NULL,
  `modified_date` datetime NOT NULL
) ENGINE=InnoDB DEFAULT CHARSET=utf8;

--
-- Dumping data for table `s_user_details`
--

INSERT INTO `s_user_details` (`id`, `location`, `code`, `user`, `name`, `address`, `phone`, `email`, `notes`, `birthdate`, `photo`, `deleted`, `deleted_by`, `deleted_date`, `created_by`, `created_date`, `modified_by`, `modified_date`) VALUES
(1, 1, '', 1, 'Mr. Administrator', '', '', '', '', '0000-00-00', '', 0, '', '0000-00-00 00:00:00', 'system', '2017-01-01 00:00:00', 'system', '2017-01-01 00:00:00'),
(2, 1, '', 2, 'Mr . Supervisor', '', '', '', '', '0000-00-00', '', 0, '', '0000-00-00 00:00:00', 'system', '2017-01-01 00:00:00', 'system', '2017-01-01 00:00:00'),
(3, 1, '', 3, 'Mr. Employee', '', '', '', '', '0000-00-00', '', 0, '', '0000-00-00 00:00:00', 'system', '2017-01-01 00:00:00', 'system', '2017-01-01 00:00:00');

-- --------------------------------------------------------

--
-- Table structure for table `t_hsg_product_ins`
--

CREATE TABLE `t_hsg_product_ins` (
  `id` int(11) NOT NULL,
  `location` int(11) NOT NULL DEFAULT 1,
  `hsg_product` int(11) NOT NULL DEFAULT 0,
  `code` varchar(20) NOT NULL DEFAULT '',
  `date` date NOT NULL DEFAULT '0000-00-00',
  `fast_code` varchar(50) NOT NULL DEFAULT '',
  `purchase_order_number` varchar(50) NOT NULL DEFAULT '',
  `lpb_code` varchar(50) NOT NULL DEFAULT '',
  `lpb_date` date NOT NULL DEFAULT '0000-00-00',
  `quantity` int(11) NOT NULL DEFAULT 0,
  `locked` tinyint(1) NOT NULL DEFAULT 0,
  `deleted` tinyint(1) NOT NULL DEFAULT 0,
  `deleted_by` varchar(20) NOT NULL DEFAULT 'system',
  `deleted_date` datetime NOT NULL DEFAULT '0000-00-00 00:00:00',
  `created_by` varchar(20) NOT NULL DEFAULT 'system',
  `created_date` datetime NOT NULL DEFAULT '0000-00-00 00:00:00',
  `modified_by` varchar(20) NOT NULL DEFAULT 'system',
  `modified_date` datetime NOT NULL DEFAULT '0000-00-00 00:00:00'
) ENGINE=InnoDB DEFAULT CHARSET=utf8;

--
-- Dumping data for table `t_hsg_product_ins`
--

INSERT INTO `t_hsg_product_ins` (`id`, `location`, `hsg_product`, `code`, `date`, `fast_code`, `purchase_order_number`, `lpb_code`, `lpb_date`, `quantity`, `locked`, `deleted`, `deleted_by`, `deleted_date`, `created_by`, `created_date`, `modified_by`, `modified_date`) VALUES
(1, 1, 1, '702252', '2020-01-01', '702252', '', '', '2020-10-01', 3, 0, 0, 'system', '0000-00-00 00:00:00', 'system', '0000-00-00 00:00:00', 'system', '0000-00-00 00:00:00'),
(2, 1, 2, '792492', '2020-01-01', '792492', '', '', '2020-10-01', 1, 0, 0, 'system', '0000-00-00 00:00:00', 'system', '0000-00-00 00:00:00', 'system', '0000-00-00 00:00:00'),
(3, 1, 3, '792072', '2020-01-02', '792072', '', '', '2020-10-02', 1, 0, 0, 'system', '0000-00-00 00:00:00', 'system', '0000-00-00 00:00:00', 'system', '0000-00-00 00:00:00'),
(4, 1, 4, '702319', '2020-01-02', '702319', '', '', '2020-10-02', 4, 0, 0, 'system', '0000-00-00 00:00:00', 'system', '0000-00-00 00:00:00', 'system', '0000-00-00 00:00:00'),
(5, 1, 5, '550477', '2020-01-03', '550477', '', '', '2020-10-03', 1, 0, 0, 'system', '0000-00-00 00:00:00', 'system', '0000-00-00 00:00:00', 'system', '0000-00-00 00:00:00'),
(6, 1, 6, '550478', '2020-01-03', '550478', '', '', '2020-10-03', 1, 0, 0, 'system', '0000-00-00 00:00:00', 'system', '0000-00-00 00:00:00', 'system', '0000-00-00 00:00:00');

-- --------------------------------------------------------

--
-- Table structure for table `t_hsg_product_items`
--

CREATE TABLE `t_hsg_product_items` (
  `id` int(11) NOT NULL,
  `location` int(11) NOT NULL DEFAULT 1,
  `selected_hsg_product_in` int(11) NOT NULL DEFAULT 0,
  `selected_hsg_product_out` int(11) NOT NULL DEFAULT 0,
  `warehouse` int(11) NOT NULL DEFAULT 0,
  `serial_number` varchar(20) NOT NULL DEFAULT '',
  `warranty_expiration_date` date NOT NULL DEFAULT '0000-00-00',
  `hsg_product_in` int(11) NOT NULL DEFAULT 0,
  `hsg_product_in_by` varchar(20) NOT NULL DEFAULT '',
  `hsg_product_in_date` datetime NOT NULL DEFAULT '0000-00-00 00:00:00',
  `hsg_product_out` int(11) NOT NULL DEFAULT 0,
  `hsg_product_out_by` varchar(20) NOT NULL DEFAULT '',
  `hsg_product_out_date` datetime NOT NULL DEFAULT '0000-00-00 00:00:00',
  `deleted` tinyint(1) NOT NULL DEFAULT 0,
  `deleted_by` varchar(20) NOT NULL DEFAULT 'system',
  `deleted_date` datetime NOT NULL DEFAULT '0000-00-00 00:00:00',
  `created_by` varchar(20) NOT NULL DEFAULT 'system',
  `created_date` datetime NOT NULL DEFAULT '0000-00-00 00:00:00',
  `modified_by` varchar(20) NOT NULL DEFAULT 'system',
  `modified_date` datetime NOT NULL DEFAULT '0000-00-00 00:00:00'
) ENGINE=InnoDB DEFAULT CHARSET=utf8;

--
-- Dumping data for table `t_hsg_product_items`
--

INSERT INTO `t_hsg_product_items` (`id`, `location`, `selected_hsg_product_in`, `selected_hsg_product_out`, `warehouse`, `serial_number`, `warranty_expiration_date`, `hsg_product_in`, `hsg_product_in_by`, `hsg_product_in_date`, `hsg_product_out`, `hsg_product_out_by`, `hsg_product_out_date`, `deleted`, `deleted_by`, `deleted_date`, `created_by`, `created_date`, `modified_by`, `modified_date`) VALUES
(1, 1, 1, 1, 1, 'CN62001242', '0000-00-00', 1, 'admin', '2020-07-22 00:00:00', 1, 'admin', '2020-10-06 14:52:14', 0, 'system', '0000-00-00 00:00:00', 'system', '0000-00-00 00:00:00', 'admin', '2020-10-06 14:52:14'),
(2, 1, 1, 0, 1, 'CN62001243', '0000-00-00', 1, 'admin', '2020-07-22 00:00:00', 0, '', '0000-00-00 00:00:00', 0, 'system', '0000-00-00 00:00:00', 'system', '0000-00-00 00:00:00', 'system', '0000-00-00 00:00:00'),
(3, 1, 1, 0, 1, 'CN62001244', '0000-00-00', 1, 'admin', '2020-07-22 00:00:00', 0, '', '0000-00-00 00:00:00', 0, 'system', '0000-00-00 00:00:00', 'system', '0000-00-00 00:00:00', 'system', '0000-00-00 00:00:00'),
(4, 1, 2, 0, 1, '612V-1VNP-5', '0000-00-00', 2, 'admin', '2020-04-13 00:00:00', 0, '', '0000-00-00 00:00:00', 0, 'system', '0000-00-00 00:00:00', 'system', '0000-00-00 00:00:00', 'system', '0000-00-00 00:00:00'),
(5, 1, 3, 0, 1, '0B3D-1AHM-J', '0000-00-00', 3, 'admin', '2019-10-16 00:00:00', 0, '', '0000-00-00 00:00:00', 0, 'system', '0000-00-00 00:00:00', 'system', '0000-00-00 00:00:00', 'system', '0000-00-00 00:00:00'),
(6, 1, 4, 0, 1, 'US420L1853', '0000-00-00', 4, 'admin', '2020-08-06 00:00:00', 0, '', '0000-00-00 00:00:00', 0, 'system', '0000-00-00 00:00:00', 'system', '0000-00-00 00:00:00', 'system', '0000-00-00 00:00:00'),
(7, 1, 4, 0, 1, 'US520L1067', '0000-00-00', 4, 'admin', '2020-08-06 00:00:00', 0, '', '0000-00-00 00:00:00', 0, 'system', '0000-00-00 00:00:00', 'system', '0000-00-00 00:00:00', 'system', '0000-00-00 00:00:00'),
(8, 1, 4, 0, 1, 'US520L1068', '0000-00-00', 4, 'admin', '2020-08-06 00:00:00', 0, '', '0000-00-00 00:00:00', 0, 'system', '0000-00-00 00:00:00', 'system', '0000-00-00 00:00:00', 'system', '0000-00-00 00:00:00'),
(9, 1, 4, 0, 1, 'US520L1069', '0000-00-00', 4, 'admin', '2020-08-06 00:00:00', 0, '', '0000-00-00 00:00:00', 0, 'system', '0000-00-00 00:00:00', 'system', '0000-00-00 00:00:00', 'system', '0000-00-00 00:00:00'),
(10, 1, 5, 0, 1, '65312', '0000-00-00', 5, 'admin', '2017-10-11 00:00:00', 0, '', '0000-00-00 00:00:00', 0, 'system', '0000-00-00 00:00:00', 'system', '0000-00-00 00:00:00', 'system', '0000-00-00 00:00:00'),
(11, 1, 6, 0, 1, '62730', '0000-00-00', 6, 'admin', '2017-10-11 00:00:00', 0, '', '0000-00-00 00:00:00', 0, 'system', '0000-00-00 00:00:00', 'system', '0000-00-00 00:00:00', 'system', '0000-00-00 00:00:00');

-- --------------------------------------------------------

--
-- Table structure for table `t_hsg_product_outs`
--

CREATE TABLE `t_hsg_product_outs` (
  `id` int(11) NOT NULL,
  `location` int(11) NOT NULL DEFAULT 1,
  `hsg_product` int(11) NOT NULL DEFAULT 0,
  `code` varchar(20) NOT NULL DEFAULT '',
  `date` date NOT NULL DEFAULT '0000-00-00',
  `fast_code` varchar(50) NOT NULL DEFAULT '',
  `sales_order_number` varchar(50) NOT NULL DEFAULT '',
  `quantity` int(11) NOT NULL DEFAULT 0,
  `locked` tinyint(1) NOT NULL DEFAULT 0,
  `deleted` tinyint(1) NOT NULL DEFAULT 0,
  `deleted_by` varchar(20) NOT NULL DEFAULT 'system',
  `deleted_date` datetime NOT NULL DEFAULT '0000-00-00 00:00:00',
  `created_by` varchar(20) NOT NULL DEFAULT 'system',
  `created_date` datetime NOT NULL DEFAULT '0000-00-00 00:00:00',
  `modified_by` varchar(20) NOT NULL DEFAULT 'system',
  `modified_date` datetime NOT NULL DEFAULT '0000-00-00 00:00:00'
) ENGINE=InnoDB DEFAULT CHARSET=utf8;

--
-- Dumping data for table `t_hsg_product_outs`
--

INSERT INTO `t_hsg_product_outs` (`id`, `location`, `hsg_product`, `code`, `date`, `fast_code`, `sales_order_number`, `quantity`, `locked`, `deleted`, `deleted_by`, `deleted_date`, `created_by`, `created_date`, `modified_by`, `modified_date`) VALUES
(1, 1, 1, 'HPDO0000001', '2020-10-06', 'FC-62001242', 'SO-62001242', 1, 0, 0, 'system', '0000-00-00 00:00:00', 'admin', '2020-10-06 14:52:14', 'admin', '2020-10-06 14:52:14');

-- --------------------------------------------------------

--
-- Table structure for table `t_isg_product_ins`
--

CREATE TABLE `t_isg_product_ins` (
  `id` int(11) NOT NULL,
  `location` int(11) NOT NULL DEFAULT 1,
  `isg_product` int(11) NOT NULL DEFAULT 0,
  `code` varchar(20) NOT NULL DEFAULT '',
  `date` date NOT NULL DEFAULT '0000-00-00',
  `fast_code` varchar(50) NOT NULL DEFAULT '',
  `purchase_order_number` varchar(50) NOT NULL DEFAULT '',
  `lpb_code` varchar(50) NOT NULL DEFAULT '',
  `lpb_date` date NOT NULL DEFAULT '0000-00-00',
  `quantity` int(11) NOT NULL DEFAULT 0,
  `locked` tinyint(1) NOT NULL DEFAULT 0,
  `deleted` tinyint(1) NOT NULL DEFAULT 0,
  `deleted_by` varchar(20) NOT NULL DEFAULT 'system',
  `deleted_date` datetime NOT NULL DEFAULT '0000-00-00 00:00:00',
  `created_by` varchar(20) NOT NULL DEFAULT 'system',
  `created_date` datetime NOT NULL DEFAULT '0000-00-00 00:00:00',
  `modified_by` varchar(20) NOT NULL DEFAULT 'system',
  `modified_date` datetime NOT NULL DEFAULT '0000-00-00 00:00:00'
) ENGINE=InnoDB DEFAULT CHARSET=utf8;

--
-- Dumping data for table `t_isg_product_ins`
--

INSERT INTO `t_isg_product_ins` (`id`, `location`, `isg_product`, `code`, `date`, `fast_code`, `purchase_order_number`, `lpb_code`, `lpb_date`, `quantity`, `locked`, `deleted`, `deleted_by`, `deleted_date`, `created_by`, `created_date`, `modified_by`, `modified_date`) VALUES
(1, 1, 3, 'IPDI0000001', '2020-10-06', 'FC-5188-5365', 'PO-5188-5365', 'LPB-5188-5365', '2020-10-01', 3, 0, 0, 'system', '0000-00-00 00:00:00', 'deisg', '2020-10-06 20:58:21', 'deisg', '2020-10-06 20:58:21');

-- --------------------------------------------------------

--
-- Table structure for table `t_isg_product_items`
--

CREATE TABLE `t_isg_product_items` (
  `id` int(11) NOT NULL,
  `location` int(11) NOT NULL DEFAULT 1,
  `selected_isg_product_in` int(11) NOT NULL DEFAULT 0,
  `selected_isg_product_out` int(11) NOT NULL DEFAULT 0,
  `warehouse` int(11) NOT NULL DEFAULT 0,
  `serial_number` varchar(20) NOT NULL DEFAULT '',
  `warranty_expiration_date` date NOT NULL DEFAULT '0000-00-00',
  `isg_product_in` int(11) NOT NULL DEFAULT 0,
  `isg_product_in_by` varchar(20) NOT NULL DEFAULT '',
  `isg_product_in_date` datetime NOT NULL DEFAULT '0000-00-00 00:00:00',
  `isg_product_out` int(11) NOT NULL DEFAULT 0,
  `isg_product_out_by` varchar(20) NOT NULL DEFAULT '',
  `isg_product_out_date` datetime NOT NULL DEFAULT '0000-00-00 00:00:00',
  `deleted` tinyint(1) NOT NULL DEFAULT 0,
  `deleted_by` varchar(20) NOT NULL DEFAULT 'system',
  `deleted_date` datetime NOT NULL DEFAULT '0000-00-00 00:00:00',
  `created_by` varchar(20) NOT NULL DEFAULT 'system',
  `created_date` datetime NOT NULL DEFAULT '0000-00-00 00:00:00',
  `modified_by` varchar(20) NOT NULL DEFAULT 'system',
  `modified_date` datetime NOT NULL DEFAULT '0000-00-00 00:00:00'
) ENGINE=InnoDB DEFAULT CHARSET=utf8;

--
-- Dumping data for table `t_isg_product_items`
--

INSERT INTO `t_isg_product_items` (`id`, `location`, `selected_isg_product_in`, `selected_isg_product_out`, `warehouse`, `serial_number`, `warranty_expiration_date`, `isg_product_in`, `isg_product_in_by`, `isg_product_in_date`, `isg_product_out`, `isg_product_out_by`, `isg_product_out_date`, `deleted`, `deleted_by`, `deleted_date`, `created_by`, `created_date`, `modified_by`, `modified_date`) VALUES
(1, 1, 3, 0, 2, '5188-5365-1', '2020-10-01', 1, 'deisg', '2020-10-06 20:58:20', 0, '', '0000-00-00 00:00:00', 0, 'system', '0000-00-00 00:00:00', 'deisg', '2020-10-06 20:58:20', 'deisg', '2020-10-06 20:58:20'),
(2, 1, 3, 3, 2, '5188-5365-2', '2020-10-03', 1, 'deisg', '2020-10-06 20:58:20', 1, 'deisg', '2020-10-06 20:58:40', 0, 'system', '0000-00-00 00:00:00', 'deisg', '2020-10-06 20:58:20', 'deisg', '2020-10-06 20:58:40'),
(3, 1, 3, 0, 2, '5188-5365-3', '2020-10-05', 1, 'deisg', '2020-10-06 20:58:21', 0, '', '0000-00-00 00:00:00', 0, 'system', '0000-00-00 00:00:00', 'deisg', '2020-10-06 20:58:21', 'deisg', '2020-10-06 20:58:21');

-- --------------------------------------------------------

--
-- Table structure for table `t_isg_product_outs`
--

CREATE TABLE `t_isg_product_outs` (
  `id` int(11) NOT NULL,
  `location` int(11) NOT NULL DEFAULT 1,
  `isg_product` int(11) NOT NULL DEFAULT 0,
  `code` varchar(20) NOT NULL DEFAULT '',
  `date` date NOT NULL DEFAULT '0000-00-00',
  `fast_code` varchar(50) NOT NULL DEFAULT '',
  `sales_order_number` varchar(50) NOT NULL DEFAULT '',
  `quantity` int(11) NOT NULL DEFAULT 0,
  `locked` tinyint(1) NOT NULL DEFAULT 0,
  `deleted` tinyint(1) NOT NULL DEFAULT 0,
  `deleted_by` varchar(20) NOT NULL DEFAULT 'system',
  `deleted_date` datetime NOT NULL DEFAULT '0000-00-00 00:00:00',
  `created_by` varchar(20) NOT NULL DEFAULT 'system',
  `created_date` datetime NOT NULL DEFAULT '0000-00-00 00:00:00',
  `modified_by` varchar(20) NOT NULL DEFAULT 'system',
  `modified_date` datetime NOT NULL DEFAULT '0000-00-00 00:00:00'
) ENGINE=InnoDB DEFAULT CHARSET=utf8;

--
-- Dumping data for table `t_isg_product_outs`
--

INSERT INTO `t_isg_product_outs` (`id`, `location`, `isg_product`, `code`, `date`, `fast_code`, `sales_order_number`, `quantity`, `locked`, `deleted`, `deleted_by`, `deleted_date`, `created_by`, `created_date`, `modified_by`, `modified_date`) VALUES
(1, 1, 3, 'IPDO0000001', '2020-10-06', 'FC-5188-5365', 'SO-5188-5365', 1, 0, 0, 'system', '0000-00-00 00:00:00', 'deisg', '2020-10-06 20:58:40', 'deisg', '2020-10-06 20:58:40');

--
-- Indexes for dumped tables
--

--
-- Indexes for table `ci_sessions`
--
ALTER TABLE `ci_sessions`
  ADD KEY `ci_sessions_timestamp` (`timestamp`);

--
-- Indexes for table `logs`
--
ALTER TABLE `logs`
  ADD PRIMARY KEY (`id`);

--
-- Indexes for table `m_hsg_principals`
--
ALTER TABLE `m_hsg_principals`
  ADD PRIMARY KEY (`id`);

--
-- Indexes for table `m_hsg_products`
--
ALTER TABLE `m_hsg_products`
  ADD PRIMARY KEY (`id`);

--
-- Indexes for table `m_isg_principals`
--
ALTER TABLE `m_isg_principals`
  ADD PRIMARY KEY (`id`);

--
-- Indexes for table `m_isg_products`
--
ALTER TABLE `m_isg_products`
  ADD PRIMARY KEY (`id`);

--
-- Indexes for table `m_warehouses`
--
ALTER TABLE `m_warehouses`
  ADD PRIMARY KEY (`id`);

--
-- Indexes for table `system_logs`
--
ALTER TABLE `system_logs`
  ADD PRIMARY KEY (`id`);

--
-- Indexes for table `s_field_requirements`
--
ALTER TABLE `s_field_requirements`
  ADD PRIMARY KEY (`id`);

--
-- Indexes for table `s_locations`
--
ALTER TABLE `s_locations`
  ADD PRIMARY KEY (`id`);

--
-- Indexes for table `s_permissions`
--
ALTER TABLE `s_permissions`
  ADD PRIMARY KEY (`id`);

--
-- Indexes for table `s_roles`
--
ALTER TABLE `s_roles`
  ADD PRIMARY KEY (`id`);

--
-- Indexes for table `s_settings`
--
ALTER TABLE `s_settings`
  ADD PRIMARY KEY (`id`);

--
-- Indexes for table `s_users`
--
ALTER TABLE `s_users`
  ADD PRIMARY KEY (`id`);

--
-- Indexes for table `s_user_details`
--
ALTER TABLE `s_user_details`
  ADD PRIMARY KEY (`id`);

--
-- Indexes for table `t_hsg_product_ins`
--
ALTER TABLE `t_hsg_product_ins`
  ADD PRIMARY KEY (`id`);

--
-- Indexes for table `t_hsg_product_items`
--
ALTER TABLE `t_hsg_product_items`
  ADD PRIMARY KEY (`id`);

--
-- Indexes for table `t_hsg_product_outs`
--
ALTER TABLE `t_hsg_product_outs`
  ADD PRIMARY KEY (`id`);

--
-- Indexes for table `t_isg_product_ins`
--
ALTER TABLE `t_isg_product_ins`
  ADD PRIMARY KEY (`id`);

--
-- Indexes for table `t_isg_product_items`
--
ALTER TABLE `t_isg_product_items`
  ADD PRIMARY KEY (`id`);

--
-- Indexes for table `t_isg_product_outs`
--
ALTER TABLE `t_isg_product_outs`
  ADD PRIMARY KEY (`id`);

--
-- AUTO_INCREMENT for dumped tables
--

--
-- AUTO_INCREMENT for table `logs`
--
ALTER TABLE `logs`
  MODIFY `id` int(20) NOT NULL AUTO_INCREMENT, AUTO_INCREMENT=38;

--
-- AUTO_INCREMENT for table `m_hsg_principals`
--
ALTER TABLE `m_hsg_principals`
  MODIFY `id` int(11) NOT NULL AUTO_INCREMENT, AUTO_INCREMENT=5;

--
-- AUTO_INCREMENT for table `m_hsg_products`
--
ALTER TABLE `m_hsg_products`
  MODIFY `id` int(11) NOT NULL AUTO_INCREMENT, AUTO_INCREMENT=7;

--
-- AUTO_INCREMENT for table `m_isg_principals`
--
ALTER TABLE `m_isg_principals`
  MODIFY `id` int(11) NOT NULL AUTO_INCREMENT, AUTO_INCREMENT=2;

--
-- AUTO_INCREMENT for table `m_isg_products`
--
ALTER TABLE `m_isg_products`
  MODIFY `id` int(11) NOT NULL AUTO_INCREMENT, AUTO_INCREMENT=4;

--
-- AUTO_INCREMENT for table `m_warehouses`
--
ALTER TABLE `m_warehouses`
  MODIFY `id` int(11) NOT NULL AUTO_INCREMENT, AUTO_INCREMENT=5;

--
-- AUTO_INCREMENT for table `system_logs`
--
ALTER TABLE `system_logs`
  MODIFY `id` int(20) NOT NULL AUTO_INCREMENT, AUTO_INCREMENT=38;

--
-- AUTO_INCREMENT for table `s_field_requirements`
--
ALTER TABLE `s_field_requirements`
  MODIFY `id` int(11) NOT NULL AUTO_INCREMENT;

--
-- AUTO_INCREMENT for table `s_locations`
--
ALTER TABLE `s_locations`
  MODIFY `id` int(11) NOT NULL AUTO_INCREMENT, AUTO_INCREMENT=4;

--
-- AUTO_INCREMENT for table `s_permissions`
--
ALTER TABLE `s_permissions`
  MODIFY `id` int(11) NOT NULL AUTO_INCREMENT, AUTO_INCREMENT=72;

--
-- AUTO_INCREMENT for table `s_roles`
--
ALTER TABLE `s_roles`
  MODIFY `id` int(11) NOT NULL AUTO_INCREMENT, AUTO_INCREMENT=6;

--
-- AUTO_INCREMENT for table `s_settings`
--
ALTER TABLE `s_settings`
  MODIFY `id` int(11) NOT NULL AUTO_INCREMENT, AUTO_INCREMENT=8;

--
-- AUTO_INCREMENT for table `s_users`
--
ALTER TABLE `s_users`
  MODIFY `id` int(11) NOT NULL AUTO_INCREMENT, AUTO_INCREMENT=6;

--
-- AUTO_INCREMENT for table `s_user_details`
--
ALTER TABLE `s_user_details`
  MODIFY `id` int(11) NOT NULL AUTO_INCREMENT, AUTO_INCREMENT=4;

--
-- AUTO_INCREMENT for table `t_hsg_product_ins`
--
ALTER TABLE `t_hsg_product_ins`
  MODIFY `id` int(11) NOT NULL AUTO_INCREMENT, AUTO_INCREMENT=11;

--
-- AUTO_INCREMENT for table `t_hsg_product_items`
--
ALTER TABLE `t_hsg_product_items`
  MODIFY `id` int(11) NOT NULL AUTO_INCREMENT, AUTO_INCREMENT=12;

--
-- AUTO_INCREMENT for table `t_hsg_product_outs`
--
ALTER TABLE `t_hsg_product_outs`
  MODIFY `id` int(11) NOT NULL AUTO_INCREMENT, AUTO_INCREMENT=2;

--
-- AUTO_INCREMENT for table `t_isg_product_ins`
--
ALTER TABLE `t_isg_product_ins`
  MODIFY `id` int(11) NOT NULL AUTO_INCREMENT, AUTO_INCREMENT=2;

--
-- AUTO_INCREMENT for table `t_isg_product_items`
--
ALTER TABLE `t_isg_product_items`
  MODIFY `id` int(11) NOT NULL AUTO_INCREMENT, AUTO_INCREMENT=4;

--
-- AUTO_INCREMENT for table `t_isg_product_outs`
--
ALTER TABLE `t_isg_product_outs`
  MODIFY `id` int(11) NOT NULL AUTO_INCREMENT, AUTO_INCREMENT=2;
COMMIT;

/*!40101 SET CHARACTER_SET_CLIENT=@OLD_CHARACTER_SET_CLIENT */;
/*!40101 SET CHARACTER_SET_RESULTS=@OLD_CHARACTER_SET_RESULTS */;
/*!40101 SET COLLATION_CONNECTION=@OLD_COLLATION_CONNECTION */;
